a_x,a_y,a_z,m_x,m_y,m_z,omega_x,omega_y,omega_z,g_x,g_y,g_z,Pressure,Temperature,Timestamp
-0.03,-0.03,-0.03,6.25,-16.56,-10.06,-2.12,-1.5,2.69,-0.13,-0.64,9.78,99106.88,24.48,2024-11-19 17:04:53
0.07,0.04,-0.04,6.25,-16.56,-10.06,-1.0,-0.69,2.56,-0.13,-0.64,9.78,99106.47,24.48,2024-11-19 17:04:53
0.02,-0.25,0.14,7.69,-16.19,-9.25,-0.75,0.5,1.69,-0.13,-0.65,9.78,99106.78,24.48,2024-11-19 17:04:53
-0.03,-0.17,0.26,7.69,-16.19,-9.25,0.81,0.88,0.37,-0.13,-0.65,9.78,99106.78,24.48,2024-11-19 17:04:53
0.03,-0.12,0.29,7.69,-16.56,-10.06,0.56,0.5,-0.56,-0.13,-0.64,9.78,99106.85,24.48,2024-11-19 17:04:53
-0.17,0.25,-0.06,7.0,-16.87,-10.88,-2.5,-1.87,0.19,-0.13,-0.65,9.78,99107.15,24.47,2024-11-19 17:04:53
0.42,-0.48,0.16,7.0,-16.87,-10.88,-4.06,-5.37,1.0,-0.11,-0.67,9.78,99107.15,24.47,2024-11-19 17:04:53
0.4,0.16,-0.21,7.0,-16.87,-10.5,-1.12,-4.06,-2.19,-0.08,-0.68,9.78,99107.02,24.46,2024-11-19 17:04:53
0.01,0.02,0.07,7.69,-16.87,-10.06,-3.5,-1.25,-4.87,-0.07,-0.69,9.78,99106.52,24.46,2024-11-19 17:04:53
0.03,-0.06,0.0,7.69,-16.87,-10.06,-1.37,3.0,-4.87,-0.08,-0.71,9.78,99106.64,24.46,2024-11-19 17:04:53
-0.17,-0.18,-0.12,7.37,-16.75,-10.88,0.81,5.56,-4.87,-0.09,-0.71,9.78,99106.64,24.47,2024-11-19 17:04:53
-0.33,0.21,0.19,7.37,-16.75,-10.88,1.62,7.94,-3.25,-0.13,-0.7,9.78,99106.6,24.47,2024-11-19 17:04:53
-0.09,-0.34,0.13,7.75,-15.38,-10.38,0.19,6.75,-0.62,-0.16,-0.7,9.78,99107.04,24.47,2024-11-19 17:04:53
-0.04,-0.39,0.28,7.75,-15.38,-10.38,-1.25,5.81,-0.75,-0.18,-0.7,9.77,99107.04,24.47,2024-11-19 17:04:53
0.04,0.07,0.25,8.56,-15.06,-9.69,0.44,2.69,-0.81,-0.2,-0.7,9.77,99106.91,24.47,2024-11-19 17:04:53
-0.08,0.14,-0.04,8.56,-15.06,-9.69,-3.19,-2.56,1.31,-0.2,-0.71,9.77,99106.93,24.47,2024-11-19 17:04:53
-0.1,-0.02,0.19,8.19,-14.69,-11.25,-2.0,-4.31,3.69,-0.18,-0.72,9.77,99106.93,24.47,2024-11-19 17:04:53
0.1,0.0,-0.01,8.19,-15.06,-11.0,-0.94,-5.56,4.37,-0.16,-0.72,9.77,99106.35,24.47,2024-11-19 17:04:53
0.04,-0.06,0.02,8.19,-15.06,-11.0,-3.0,-5.5,3.25,-0.13,-0.74,9.77,99106.09,24.47,2024-11-19 17:04:53
0.05,0.0,0.12,8.19,-15.06,-11.0,-1.87,-5.94,3.19,-0.11,-0.74,9.77,99106.09,24.47,2024-11-19 17:04:53
-0.02,-0.23,-0.31,8.19,-15.06,-11.0,-0.56,-4.12,3.12,-0.09,-0.75,9.77,99105.63,24.47,2024-11-19 17:04:53
-0.01,-0.03,0.06,7.37,-15.06,-11.0,2.62,-2.12,3.0,-0.08,-0.74,9.77,99105.88,24.47,2024-11-19 17:04:53
0.1,0.07,0.04,7.37,-15.06,-11.0,3.25,-1.81,2.94,-0.07,-0.73,9.77,99105.88,24.47,2024-11-19 17:04:53
0.02,-0.1,0.09,7.75,-15.75,-10.25,1.94,-1.31,2.25,-0.06,-0.71,9.77,99106.3,24.47,2024-11-19 17:04:53
-0.01,-0.09,0.11,6.37,-16.19,-11.06,4.87,-1.0,2.56,-0.06,-0.69,9.78,99106.43,24.47,2024-11-19 17:04:53
0.28,-0.1,-0.16,6.37,-16.19,-11.06,2.31,-1.75,1.94,-0.05,-0.68,9.78,99106.43,24.47,2024-11-19 17:04:53
0.26,-0.5,0.4,7.37,-17.37,-10.25,0.5,-2.31,2.06,-0.04,-0.68,9.78,99106.47,24.47,2024-11-19 17:04:53
-0.14,0.33,-0.03,7.37,-17.37,-10.25,3.25,-1.19,5.06,-0.03,-0.66,9.78,99106.7,24.46,2024-11-19 17:04:53
-0.06,0.05,-0.15,7.06,-17.37,-11.5,-0.06,0.88,9.13,-0.03,-0.66,9.78,99106.7,24.46,2024-11-19 17:04:53
-0.01,-0.34,0.09,7.06,-17.37,-11.5,-0.62,4.37,10.13,-0.05,-0.66,9.78,99106.77,24.46,2024-11-19 17:04:53
0.2,-0.31,-0.02,7.19,-16.69,-11.19,3.19,6.5,7.81,-0.09,-0.65,9.78,99107.21,24.46,2024-11-19 17:04:53
0.08,0.0,-0.18,7.5,-16.69,-10.0,3.0,7.0,4.44,-0.12,-0.64,9.78,99107.21,24.45,2024-11-19 17:04:53
-0.13,-0.12,0.37,7.5,-16.69,-10.0,0.81,7.0,2.5,-0.16,-0.63,9.78,99106.79,24.45,2024-11-19 17:04:53
-0.06,-0.1,0.25,7.87,-17.37,-10.0,1.94,3.31,1.0,-0.19,-0.62,9.78,99107.06,24.45,2024-11-19 17:04:53
0.15,-0.21,0.0,7.87,-17.37,-10.0,0.56,0.94,-0.44,-0.2,-0.62,9.78,99107.06,24.45,2024-11-19 17:04:53
-0.1,-0.05,0.28,7.56,-17.56,-9.56,-2.0,-3.06,-2.31,-0.18,-0.63,9.78,99107.13,24.45,2024-11-19 17:04:53
0.21,0.06,-0.09,9.0,-16.87,-11.19,-2.12,-8.5,-1.81,-0.14,-0.64,9.78,99107.82,24.45,2024-11-19 17:04:53
0.4,-0.32,-0.16,9.0,-16.87,-11.19,-4.62,-8.63,-3.56,-0.1,-0.66,9.78,99107.82,24.44,2024-11-19 17:04:53
0.5,-0.58,0.14,8.06,-16.5,-10.5,1.0,-1.94,-4.94,-0.07,-0.67,9.78,99107.94,24.44,2024-11-19 17:04:53
-0.05,0.43,-0.09,8.06,-16.5,-10.5,-3.06,-2.12,-2.44,-0.06,-0.68,9.78,99107.95,24.44,2024-11-19 17:04:53
0.06,-0.32,-0.13,9.19,-16.5,-10.88,-3.44,-0.13,1.37,-0.06,-0.69,9.78,99107.95,24.44,2024-11-19 17:04:53
0.08,-0.68,0.02,7.37,-16.0,-12.0,-0.56,3.31,-0.19,-0.07,-0.7,9.78,99107.74,24.44,2024-11-19 17:04:53
0.03,-0.43,0.11,7.37,-16.0,-12.0,1.37,5.5,-3.75,-0.1,-0.69,9.78,99108.3,24.44,2024-11-19 17:04:53
-0.17,0.0,0.48,8.06,-16.75,-10.06,0.25,3.12,-3.75,-0.11,-0.69,9.78,99108.3,24.45,2024-11-19 17:04:53
-0.21,-0.15,-0.22,8.06,-16.75,-10.06,1.5,2.37,-1.69,-0.12,-0.69,9.78,99107.95,24.45,2024-11-19 17:04:53
0.09,0.02,0.13,8.06,-16.75,-10.5,2.62,3.44,-0.69,-0.13,-0.68,9.78,99107.66,24.45,2024-11-19 17:04:53
0.29,-0.03,0.05,8.06,-16.75,-10.5,2.75,2.69,-0.81,-0.14,-0.67,9.78,99107.66,24.45,2024-11-19 17:04:53
0.02,-0.15,-0.04,7.69,-15.56,-11.69,0.37,2.75,-1.44,-0.16,-0.66,9.78,99107.48,24.45,2024-11-19 17:04:53
0.04,-0.01,0.57,7.69,-15.56,-11.69,1.62,1.75,-0.94,-0.17,-0.66,9.78,99107.23,24.46,2024-11-19 17:04:53
0.15,0.17,0.01,7.69,-16.69,-10.06,3.19,0.5,-1.06,-0.17,-0.64,9.78,99107.23,24.45,2024-11-19 17:04:53
0.08,0.08,-0.12,8.5,-17.06,-11.56,-0.19,0.62,-1.37,-0.17,-0.64,9.78,99106.32,24.45,2024-11-19 17:04:53
0.01,-0.1,0.08,8.5,-17.06,-11.56,0.56,0.13,-1.19,-0.17,-0.64,9.78,99106.1,24.46,2024-11-19 17:04:53
0.1,-0.15,-0.22,8.88,-17.06,-10.5,1.87,0.37,-1.25,-0.17,-0.64,9.78,99106.1,24.46,2024-11-19 17:04:53
-0.08,-0.07,0.01,8.88,-17.06,-10.5,1.56,0.81,-2.06,-0.17,-0.63,9.78,99106.15,24.46,2024-11-19 17:04:53
-0.15,0.0,0.42,8.88,-16.75,-10.88,0.06,-0.62,-1.19,-0.17,-0.63,9.78,99106.2,24.46,2024-11-19 17:04:53
-0.01,-0.04,0.33,8.88,-16.75,-10.88,0.13,-2.87,-0.69,-0.16,-0.63,9.78,99106.2,24.46,2024-11-19 17:04:53
0.17,-0.23,-0.19,8.06,-17.19,-9.69,1.62,-2.25,-1.25,-0.15,-0.62,9.78,99106.18,24.46,2024-11-19 17:04:53
-0.03,0.03,-0.07,8.06,-17.19,-9.69,1.81,-0.25,-1.12,-0.15,-0.61,9.78,99106.66,24.46,2024-11-19 17:04:53
0.13,-0.08,0.13,7.69,-16.75,-12.38,1.44,0.06,-0.69,-0.15,-0.61,9.78,99106.66,24.46,2024-11-19 17:04:53
0.11,-0.1,-0.12,7.37,-17.37,-11.25,1.25,0.31,-0.44,-0.14,-0.6,9.78,99106.7,24.46,2024-11-19 17:04:53
0.01,-0.01,0.03,7.37,-17.37,-11.25,-0.25,1.69,-0.5,-0.15,-0.6,9.78,99106.63,24.46,2024-11-19 17:04:53
0.0,-0.21,0.15,8.88,-17.06,-10.88,-0.94,2.62,-0.19,-0.16,-0.61,9.78,99106.63,24.46,2024-11-19 17:04:53
-0.02,-0.15,0.06,8.88,-17.06,-10.88,-0.13,1.81,-0.13,-0.17,-0.61,9.78,99106.88,24.46,2024-11-19 17:04:53
-0.05,-0.1,0.13,8.06,-16.5,-10.06,-1.25,0.81,0.31,-0.18,-0.61,9.78,99107.02,24.45,2024-11-19 17:04:53
0.09,-0.07,0.13,8.5,-16.5,-10.88,-1.56,-0.44,0.19,-0.18,-0.62,9.78,99107.02,24.45,2024-11-19 17:04:53
0.07,-0.19,0.0,8.5,-16.5,-10.88,-0.94,-1.0,-0.31,-0.17,-0.63,9.78,99107.25,24.45,2024-11-19 17:04:53
0.1,0.0,-0.13,8.06,-17.5,-10.88,0.31,-0.75,-0.37,-0.17,-0.63,9.78,99107.62,24.45,2024-11-19 17:04:53
0.13,-0.06,-0.06,8.88,-16.5,-10.5,0.56,1.06,-1.0,-0.16,-0.63,9.78,99107.77,24.45,2024-11-19 17:04:53
-0.06,-0.21,0.4,8.88,-16.5,-10.5,0.44,2.25,-0.88,-0.18,-0.63,9.78,99107.3,24.45,2024-11-19 17:04:53
-0.01,-0.02,0.11,8.5,-16.75,-11.69,1.0,0.56,-0.56,-0.18,-0.63,9.78,99107.3,24.45,2024-11-19 17:04:53
0.01,-0.14,0.16,8.06,-16.5,-11.25,-1.56,0.0,-0.62,-0.18,-0.63,9.78,99107.29,24.45,2024-11-19 17:04:53
-0.02,0.07,0.25,8.06,-16.5,-11.25,-0.5,-0.62,0.13,-0.18,-0.64,9.78,99106.69,24.45,2024-11-19 17:04:53
0.12,0.17,-0.08,8.06,-16.37,-11.69,0.13,-1.81,1.25,-0.17,-0.63,9.78,99106.69,24.45,2024-11-19 17:04:53
0.16,-0.19,-0.24,8.06,-16.37,-11.69,-1.81,-2.0,1.56,-0.16,-0.64,9.78,99106.58,24.45,2024-11-19 17:04:53
-0.02,-0.07,0.11,9.19,-16.0,-9.25,-0.75,0.37,0.88,-0.16,-0.65,9.78,99106.31,24.44,2024-11-19 17:04:53
-0.06,0.04,0.12,9.19,-16.0,-9.25,1.0,1.0,0.62,-0.16,-0.65,9.78,99106.31,24.44,2024-11-19 17:04:53
-0.02,-0.12,0.05,7.69,-16.06,-11.69,1.06,0.56,1.19,-0.17,-0.64,9.78,99106.39,24.44,2024-11-19 17:04:53
0.0,-0.13,0.11,7.69,-15.69,-11.25,0.56,0.56,0.75,-0.17,-0.64,9.78,99106.11,24.45,2024-11-19 17:04:53
0.0,-0.06,0.13,7.69,-15.69,-11.25,1.0,0.44,0.25,-0.17,-0.64,9.78,99106.11,24.45,2024-11-19 17:04:53
-0.08,-0.14,0.03,8.5,-15.25,-12.06,1.25,-0.56,0.13,-0.17,-0.63,9.78,99106.7,24.45,2024-11-19 17:04:53
0.04,-0.44,0.0,8.5,-15.25,-12.06,2.31,-0.94,-0.25,-0.16,-0.63,9.78,99107.15,24.46,2024-11-19 17:04:53
0.08,-0.65,0.13,8.06,-16.06,-12.75,2.87,-0.56,-1.5,-0.16,-0.62,9.78,99107.15,24.46,2024-11-19 17:04:53
-0.03,-0.51,0.46,8.06,-16.06,-12.75,3.06,-2.31,-2.62,-0.15,-0.6,9.78,99107.39,24.46,2024-11-19 17:04:53
-0.14,0.11,0.4,9.19,-16.37,-10.88,5.87,-6.12,0.62,-0.13,-0.58,9.78,99107.21,24.46,2024-11-19 17:04:53
0.21,0.04,-0.64,9.19,-16.37,-10.88,5.69,-4.81,2.0,-0.11,-0.56,9.78,99107.21,24.46,2024-11-19 17:04:53
0.43,-0.68,-0.62,8.88,-16.06,-10.5,4.69,-1.31,2.19,-0.1,-0.53,9.79,99107.1,24.46,2024-11-19 17:04:53
0.46,-0.52,-0.24,7.37,-16.75,-10.88,6.12,1.37,2.5,-0.1,-0.5,9.79,99106.77,24.46,2024-11-19 17:04:53
0.46,-0.55,0.22,7.37,-16.75,-10.88,4.81,0.5,3.19,-0.11,-0.49,9.79,99106.77,24.46,2024-11-19 17:04:53
0.39,-0.97,0.37,7.37,-16.75,-11.0,0.81,-0.31,2.19,-0.11,-0.48,9.79,99106.08,24.46,2024-11-19 17:04:53
-0.02,-0.65,0.31,7.37,-16.75,-11.0,1.44,0.13,1.94,-0.11,-0.47,9.79,99106.31,24.47,2024-11-19 17:04:53
0.12,-1.06,0.12,7.37,-17.19,-11.75,4.31,1.94,3.5,-0.11,-0.46,9.79,99106.31,24.47,2024-11-19 17:04:53
0.46,-1.56,-0.22,7.37,-17.19,-11.75,5.87,6.06,2.37,-0.14,-0.43,9.79,99106.03,24.47,2024-11-19 17:04:53
0.57,-1.48,-0.24,7.69,-16.75,-11.38,2.31,7.44,-2.81,-0.17,-0.41,9.79,99105.74,24.47,2024-11-19 17:04:53
0.25,-1.14,-0.08,7.69,-16.75,-11.38,-1.0,7.69,-6.56,-0.2,-0.45,9.79,99105.74,24.48,2024-11-19 17:04:53
-0.32,-0.52,0.88,8.88,-17.06,-11.38,1.37,5.37,-7.87,-0.22,-0.45,9.79,99106.54,24.48,2024-11-19 17:04:53
-0.61,0.15,0.8,8.88,-17.06,-11.38,2.75,1.62,-7.06,-0.23,-0.45,9.79,99105.83,24.48,2024-11-19 17:04:53
-0.52,0.3,0.75,7.69,-16.69,-11.06,0.31,-5.37,-2.25,-0.22,-0.44,9.79,99105.83,24.47,2024-11-19 17:04:53
-0.18,-0.13,0.31,7.69,-16.69,-11.06,0.94,-9.44,0.06,-0.17,-0.44,9.79,99106.06,24.47,2024-11-19 17:04:53
0.06,-0.14,-0.19,9.19,-17.06,-11.0,0.75,-11.94,0.62,-0.11,-0.43,9.79,99106.18,24.47,2024-11-19 17:04:53
0.31,-0.58,-1.19,8.06,-17.75,-11.88,-2.12,-10.25,-0.25,-0.08,-0.43,9.79,99106.18,24.48,2024-11-19 17:04:53
0.3,-0.84,-1.22,8.06,-17.75,-11.88,-6.31,-3.62,-4.19,-0.05,-0.46,9.79,99106.13,24.48,2024-11-19 17:04:53
0.28,-0.59,0.52,8.06,-17.75,-11.56,-1.81,-0.94,-7.19,-0.04,-0.48,9.79,99105.95,24.48,2024-11-19 17:04:53
0.15,-0.27,0.05,8.06,-17.75,-11.56,2.25,-2.5,-6.69,-0.03,-0.48,9.79,99105.95,24.48,2024-11-19 17:04:53
0.12,-1.02,-0.95,7.69,-17.75,-11.19,2.0,2.37,-7.31,-0.03,-0.47,9.79,99106.38,24.48,2024-11-19 17:04:53
-0.05,-0.95,-0.26,7.69,-17.75,-11.19,4.0,10.19,-9.88,-0.06,-0.45,9.79,99106.29,24.48,2024-11-19 17:04:54
-0.48,-0.85,-0.1,8.0,-16.37,-11.69,5.94,13.25,-9.0,-0.11,-0.43,9.79,99106.29,24.48,2024-11-19 17:04:54
-0.63,-0.82,0.56,8.0,-16.37,-11.69,7.94,14.25,-6.0,-0.17,-0.4,9.79,99106.17,24.48,2024-11-19 17:04:54
-0.72,-0.41,0.47,7.37,-17.25,-10.06,11.19,10.69,-1.94,-0.23,-0.34,9.79,99106.8,24.48,2024-11-19 17:04:54
-0.63,-1.04,-0.22,8.38,-17.25,-12.06,8.94,5.19,3.19,-0.27,-0.29,9.79,99106.8,24.48,2024-11-19 17:04:54
-0.53,-1.39,-0.29,8.38,-17.25,-12.06,7.75,4.31,4.0,-0.29,-0.26,9.79,99106.64,24.48,2024-11-19 17:04:54
-0.47,-1.32,-0.35,9.69,-17.19,-11.25,8.13,4.31,2.44,-0.31,-0.21,9.79,99106.7,24.48,2024-11-19 17:04:54
-0.52,-1.21,0.15,9.69,-17.19,-11.25,5.81,2.31,1.87,-0.32,-0.19,9.79,99106.7,24.47,2024-11-19 17:04:54
-0.56,-0.69,0.76,9.69,-18.75,-11.88,2.69,-2.19,2.37,-0.32,-0.17,9.79,99106.22,24.47,2024-11-19 17:04:54
-0.51,-0.84,-0.42,9.69,-18.75,-11.88,2.75,-5.94,3.75,-0.3,-0.16,9.8,99105.84,24.47,2024-11-19 17:04:54
-0.53,-0.92,-0.92,8.06,-18.06,-12.19,-2.12,-3.75,3.75,-0.28,-0.17,9.8,99105.84,24.47,2024-11-19 17:04:54
-0.31,-0.83,0.04,8.06,-18.06,-12.19,-7.87,-0.25,4.94,-0.28,-0.19,9.8,99105.7,24.47,2024-11-19 17:04:54
-0.17,-0.3,-0.27,9.5,-18.69,-12.19,-8.19,-0.5,8.5,-0.28,-0.25,9.79,99105.91,24.48,2024-11-19 17:04:54
0.24,-0.42,-0.52,9.38,-18.69,-12.38,-15.63,1.75,11.38,-0.28,-0.29,9.79,99105.91,24.47,2024-11-19 17:04:54
0.08,-0.3,-0.02,9.38,-18.69,-12.38,-19.56,9.0,11.38,-0.32,-0.39,9.79,99105.8,24.47,2024-11-19 17:04:54
-0.16,-0.02,0.69,9.06,-18.69,-12.88,-14.69,12.38,14.06,-0.38,-0.47,9.78,99106.54,24.48,2024-11-19 17:04:54
0.11,-0.08,0.82,9.06,-18.69,-12.88,-12.5,13.56,15.81,-0.43,-0.51,9.78,99106.54,24.48,2024-11-19 17:04:54
0.12,-0.29,0.82,9.88,-16.37,-12.06,-12.25,13.63,16.0,-0.5,-0.56,9.77,99106.38,24.48,2024-11-19 17:04:54
0.27,-0.44,1.47,9.88,-16.37,-12.06,-10.88,13.75,14.94,-0.57,-0.62,9.77,99107.02,24.48,2024-11-19 17:04:54
-0.03,0.18,1.87,10.5,-16.69,-11.88,-5.81,9.31,14.25,-0.63,-0.65,9.76,99107.02,24.47,2024-11-19 17:04:54
-0.06,-0.17,1.7,10.75,-16.25,-13.06,-4.06,-1.62,15.38,-0.65,-0.67,9.76,99106.57,24.47,2024-11-19 17:04:54
0.29,-0.49,-0.03,10.75,-16.25,-13.06,-4.62,-6.69,11.44,-0.63,-0.68,9.76,99106.51,24.47,2024-11-19 17:04:54
0.59,-1.26,-0.8,10.69,-16.69,-13.5,-5.56,-8.88,8.13,-0.6,-0.7,9.76,99106.51,24.47,2024-11-19 17:04:54
0.43,-0.68,-0.62,10.69,-16.69,-13.5,-4.87,-5.75,1.56,-0.57,-0.72,9.76,99106.07,24.47,2024-11-19 17:04:54
0.27,-0.06,0.32,10.69,-15.88,-12.88,-3.31,-1.06,-0.56,-0.55,-0.74,9.76,99106.27,24.47,2024-11-19 17:04:54
0.46,-0.2,0.19,10.69,-15.88,-12.88,3.31,-1.87,1.12,-0.55,-0.74,9.76,99106.27,24.47,2024-11-19 17:04:54
0.23,0.07,-0.58,10.69,-15.19,-14.25,6.12,-2.06,1.44,-0.54,-0.71,9.76,99106.09,24.47,2024-11-19 17:04:54
-0.17,0.11,-1.27,10.69,-15.19,-14.25,4.06,1.0,4.06,-0.54,-0.69,9.76,99106.23,24.47,2024-11-19 17:04:54
0.16,-0.5,-0.69,11.69,-16.06,-13.56,5.62,2.69,6.0,-0.55,-0.67,9.76,99106.23,24.47,2024-11-19 17:04:54
0.45,-0.72,-0.89,10.38,-16.75,-14.0,5.44,2.81,6.12,-0.56,-0.64,9.76,99106.33,24.47,2024-11-19 17:04:54
0.24,-0.52,-0.14,10.38,-16.75,-14.0,-2.62,1.5,2.12,-0.57,-0.63,9.76,99105.84,24.47,2024-11-19 17:04:54
0.35,-0.59,0.38,10.56,-15.88,-13.88,-6.37,-2.81,0.94,-0.57,-0.66,9.76,99105.84,24.46,2024-11-19 17:04:54
0.5,-0.9,0.09,10.56,-15.88,-13.88,0.25,-6.31,0.75,-0.54,-0.67,9.76,99105.77,24.46,2024-11-19 17:04:54
0.51,-0.3,-0.59,11.69,-15.56,-12.69,-1.37,-4.75,-0.06,-0.51,-0.67,9.76,99105.88,24.46,2024-11-19 17:04:54
0.7,-1.17,-0.6,11.69,-15.56,-12.69,-5.94,-4.31,-0.62,-0.5,-0.69,9.76,99105.88,24.46,2024-11-19 17:04:54
0.36,-0.89,-0.56,11.69,-15.69,-14.25,-4.56,-0.75,-3.81,-0.49,-0.72,9.76,99105.64,24.46,2024-11-19 17:04:55
0.02,0.28,0.6,11.69,-15.56,-13.5,-4.87,0.88,-3.69,-0.49,-0.74,9.76,99105.63,24.46,2024-11-19 17:04:55
0.28,0.0,1.14,11.69,-15.56,-13.5,-6.56,0.44,0.31,-0.49,-0.77,9.76,99105.63,24.47,2024-11-19 17:04:55
0.51,-0.12,0.7,12.06,-15.38,-13.38,-4.69,0.5,3.81,-0.49,-0.8,9.76,99105.95,24.47,2024-11-19 17:04:55
0.62,-0.39,0.24,12.06,-15.38,-13.38,-5.94,0.62,3.06,-0.5,-0.83,9.75,99105.98,24.47,2024-11-19 17:04:55
0.47,-0.64,0.77,12.19,-14.25,-13.0,-6.19,1.5,1.5,-0.5,-0.85,9.75,99105.98,24.46,2024-11-19 17:04:55
-0.02,0.22,1.31,12.19,-14.25,-13.0,-4.69,0.19,-0.31,-0.5,-0.87,9.75,99106.29,24.46,2024-11-19 17:04:55
-0.06,0.35,1.14,12.06,-15.0,-13.38,-4.69,-0.06,0.13,-0.5,-0.89,9.75,99106.11,24.46,2024-11-19 17:04:55
0.01,0.12,1.55,12.75,-14.5,-13.0,-3.19,-0.94,1.12,-0.5,-0.92,9.75,99106.11,24.46,2024-11-19 17:04:55
0.28,-0.03,1.36,12.75,-14.5,-13.0,6.37,-3.56,0.06,-0.49,-0.9,9.75,99105.96,24.46,2024-11-19 17:04:55
-0.01,0.71,-0.2,12.5,-14.38,-13.0,8.31,-8.13,-0.56,-0.45,-0.86,9.75,99105.57,24.46,2024-11-19 17:04:55
0.03,0.12,-0.31,12.5,-14.38,-13.0,5.06,-7.06,-0.13,-0.43,-0.84,9.76,99105.57,24.46,2024-11-19 17:04:55
0.1,-0.05,-0.22,12.06,-15.38,-13.38,6.44,-3.31,-1.12,-0.4,-0.8,9.76,99105.85,24.46,2024-11-19 17:04:55
-0.17,0.62,0.18,12.06,-15.38,-13.38,7.37,-3.25,0.37,-0.39,-0.78,9.76,99106.18,24.46,2024-11-19 17:04:55
-0.25,0.83,0.36,12.5,-15.0,-12.5,8.13,-5.94,4.56,-0.37,-0.74,9.77,99106.18,24.45,2024-11-19 17:04:55
-0.05,0.34,-0.47,12.5,-15.0,-12.5,6.5,-7.94,6.25,-0.33,-0.7,9.77,99106.14,24.45,2024-11-19 17:04:55
-0.08,-0.26,-1.22,13.5,-15.25,-13.25,3.19,-4.12,5.25,-0.31,-0.68,9.77,99106.15,24.45,2024-11-19 17:04:55
-0.07,-0.3,-1.21,11.0,-14.88,-14.0,3.44,0.0,3.44,-0.3,-0.67,9.77,99106.15,24.45,2024-11-19 17:04:55
-0.02,-0.12,-1.24,11.0,-14.88,-14.0,-0.37,3.19,2.25,-0.32,-0.66,9.77,99105.87,24.45,2024-11-19 17:04:55
-0.11,-0.22,-1.16,12.19,-15.69,-12.5,-5.62,8.0,0.19,-0.35,-0.69,9.77,99105.65,24.45,2024-11-19 17:04:55
-0.52,0.09,-0.65,12.19,-15.69,-12.5,-7.25,10.06,0.19,-0.39,-0.71,9.77,99105.65,24.45,2024-11-19 17:04:55
-0.48,-0.5,-0.01,12.88,-16.0,-13.25,-5.06,10.19,1.44,-0.44,-0.75,9.76,99105.63,24.45,2024-11-19 17:04:55
-0.44,-0.45,0.48,12.88,-16.0,-13.25,1.62,6.87,1.06,-0.48,-0.75,9.76,99105.49,24.45,2024-11-19 17:04:55
-0.56,-0.25,-0.52,12.56,-15.69,-12.06,-1.12,4.06,1.0,-0.5,-0.75,9.76,99105.49,24.46,2024-11-19 17:04:55
-0.32,-1.39,-0.03,12.56,-15.69,-12.06,-6.5,2.0,1.0,-0.51,-0.77,9.76,99105.51,24.46,2024-11-19 17:04:55
-0.21,-0.81,0.66,13.25,-15.56,-12.5,-2.44,-0.31,-1.31,-0.52,-0.79,9.76,99105.45,24.46,2024-11-19 17:04:55
-0.19,-0.16,0.9,13.69,-14.75,-12.5,-4.87,-4.69,-1.5,-0.5,-0.81,9.75,99105.45,24.45,2024-11-19 17:04:55
-0.12,0.18,0.81,13.69,-14.75,-12.5,-9.31,-8.13,0.13,-0.46,-0.85,9.75,99106.01,24.45,2024-11-19 17:04:55
0.04,-0.17,0.26,14.06,-15.19,-12.56,-7.94,-5.81,0.37,-0.43,-0.9,9.75,99105.9,24.45,2024-11-19 17:04:55
-0.01,-0.2,-0.45,14.06,-15.19,-12.56,-7.81,-2.75,-0.19,-0.42,-0.92,9.75,99105.9,24.45,2024-11-19 17:04:55
-0.14,0.03,1.04,13.38,-14.38,-11.38,-15.0,0.0,-1.87,-0.41,-0.98,9.74,99105.61,24.45,2024-11-19 17:04:55
-0.17,0.36,2.1,13.38,-14.38,-11.38,-10.63,-0.37,-0.19,-0.41,-1.05,9.74,99106.13,24.46,2024-11-19 17:04:55
-0.06,0.58,1.43,14.0,-14.56,-13.0,-4.56,-1.44,2.0,-0.4,-1.07,9.73,99106.13,24.46,2024-11-19 17:04:55
0.09,0.46,0.69,14.0,-14.56,-13.0,-1.75,-0.44,5.06,-0.41,-1.08,9.73,99106.05,24.46,2024-11-19 17:04:55
0.51,-0.58,0.36,14.0,-14.25,-12.19,7.19,2.69,4.87,-0.42,-1.06,9.73,99105.75,24.45,2024-11-19 17:04:55
0.62,0.08,-0.8,14.0,-12.38,-12.19,7.81,4.19,2.69,-0.43,-1.03,9.74,99105.75,24.45,2024-11-19 17:04:55
0.63,-0.31,-0.81,14.0,-12.38,-12.19,-1.87,6.5,0.44,-0.46,-1.02,9.74,99105.71,24.45,2024-11-19 17:04:56
0.51,-0.47,-0.16,12.75,-14.38,-11.56,-3.5,8.5,-1.56,-0.5,-1.04,9.73,99105.65,24.45,2024-11-19 17:04:56
0.09,0.21,0.04,12.75,-14.38,-11.56,-2.87,7.25,-1.06,-0.54,-1.05,9.73,99105.65,24.45,2024-11-19 17:04:56
-0.11,0.37,-0.09,14.38,-13.69,-11.56,-4.25,4.62,1.69,-0.55,-1.07,9.73,99106.23,24.45,2024-11-19 17:04:56
0.21,-0.6,0.28,14.38,-13.69,-11.56,-2.06,1.37,4.5,-0.57,-1.08,9.72,99105.87,24.46,2024-11-19 17:04:56
0.3,-0.44,0.7,14.38,-13.56,-12.0,6.12,-1.75,4.5,-0.57,-1.07,9.73,99105.87,24.46,2024-11-19 17:04:56
0.46,-0.42,-0.41,14.38,-13.56,-12.0,7.37,-5.25,4.25,-0.54,-1.03,9.73,99106.07,24.46,2024-11-19 17:04:56
0.68,-1.1,-0.97,15.5,-14.0,-10.56,6.44,-5.19,-0.56,-0.51,-1.0,9.74,99105.91,24.46,2024-11-19 17:04:56
0.5,-0.63,-0.79,14.88,-13.75,-11.0,7.06,-4.06,-3.0,-0.5,-0.98,9.74,99105.91,24.45,2024-11-19 17:04:56
0.38,-0.32,-1.14,14.88,-13.75,-11.0,4.31,-2.81,-4.37,-0.48,-0.95,9.74,99105.34,24.45,2024-11-19 17:04:56
0.21,-0.2,-0.51,13.69,-15.5,-13.38,0.06,-1.31,-4.69,-0.47,-0.94,9.74,99105.51,24.45,2024-11-19 17:04:56
0.02,-0.11,-0.34,13.69,-15.5,-13.38,-0.88,-1.19,-2.44,-0.46,-0.95,9.74,99105.51,24.45,2024-11-19 17:04:56
0.43,-0.38,-0.95,15.25,-14.38,-12.19,-4.81,-0.31,-2.06,-0.46,-0.96,9.74,99105.88,24.45,2024-11-19 17:04:56
0.33,-0.39,-0.51,15.25,-14.38,-12.19,-9.44,3.19,-2.31,-0.47,-1.0,9.74,99105.84,24.45,2024-11-19 17:04:56
0.19,-0.46,-0.07,14.19,-14.38,-11.75,-10.94,5.19,-2.37,-0.48,-1.04,9.73,99105.84,24.45,2024-11-19 17:04:56
0.39,-0.12,0.59,15.0,-13.69,-12.19,-11.56,6.12,-2.19,-0.51,-1.1,9.73,99106.09,24.45,2024-11-19 17:04:56
0.37,0.38,1.05,15.0,-13.69,-12.19,-9.88,7.69,-1.19,-0.54,-1.15,9.72,99105.44,24.45,2024-11-19 17:04:56
0.22,0.25,0.74,15.0,-13.69,-11.0,-9.63,6.81,-0.5,-0.58,-1.2,9.71,99105.44,24.45,2024-11-19 17:04:56
0.1,-0.03,1.81,15.0,-13.69,-11.0,-8.75,2.81,2.0,-0.6,-1.24,9.7,99105.03,24.45,2024-11-19 17:04:56
0.05,0.08,1.55,15.69,-12.88,-11.88,-0.69,0.31,3.62,-0.61,-1.25,9.7,99105.67,24.45,2024-11-19 17:04:56
-0.1,0.32,1.37,15.69,-12.88,-11.88,-0.19,-1.5,3.56,-0.61,-1.25,9.7,99105.67,24.45,2024-11-19 17:04:56
0.13,-0.04,1.32,15.25,-13.69,-11.69,1.69,-3.44,3.25,-0.59,-1.24,9.7,99105.45,24.45,2024-11-19 17:04:56
0.02,-0.42,-0.13,15.69,-11.75,-10.88,7.25,-2.94,1.12,-0.57,-1.21,9.71,99105.65,24.45,2024-11-19 17:04:56
-0.2,-0.21,-0.57,15.69,-11.75,-10.88,7.81,-1.87,-1.56,-0.57,-1.17,9.71,99105.65,24.45,2024-11-19 17:04:56
-0.36,-0.28,-0.26,14.69,-14.19,-11.88,6.12,-0.13,-4.0,-0.56,-1.15,9.72,99105.77,24.45,2024-11-19 17:04:56
-0.29,-0.28,0.09,14.69,-14.19,-11.88,5.0,-1.5,-4.37,-0.56,-1.13,9.72,99105.2,24.45,2024-11-19 17:04:56
-0.25,-0.18,0.99,16.06,-13.06,-11.0,6.75,-3.69,-3.62,-0.55,-1.11,9.72,99105.2,24.46,2024-11-19 17:04:56
-0.35,0.62,0.42,16.06,-13.06,-11.0,10.56,-5.81,-1.37,-0.52,-1.06,9.73,99105.13,24.46,2024-11-19 17:04:56
-0.22,0.41,-0.25,15.75,-13.06,-11.75,10.81,-8.06,1.0,-0.48,-1.01,9.74,99104.63,24.46,2024-11-19 17:04:56
-0.1,-0.23,-1.1,15.75,-13.06,-11.75,9.06,-5.94,0.94,-0.46,-0.98,9.74,99104.63,24.46,2024-11-19 17:04:56
-0.07,-0.31,-1.34,15.38,-14.19,-11.25,8.0,-2.31,0.44,-0.44,-0.94,9.75,99104.27,24.46,2024-11-19 17:04:56
0.0,-0.07,-2.04,15.38,-14.19,-11.25,1.69,1.44,-0.06,-0.44,-0.91,9.75,99104.52,24.46,2024-11-19 17:04:56
0.15,-0.35,-1.76,15.06,-14.88,-13.38,-7.81,3.37,-1.12,-0.46,-0.95,9.74,99104.52,24.46,2024-11-19 17:04:56
0.1,-0.75,-0.85,15.06,-14.88,-13.38,-16.19,8.0,-3.06,-0.48,-1.0,9.74,99104.84,24.46,2024-11-19 17:04:56
-0.01,-0.59,0.21,14.69,-14.06,-12.69,-11.88,10.25,-4.5,-0.55,-1.09,9.73,99104.97,24.46,2024-11-19 17:04:56
0.0,-0.02,0.08,15.88,-13.69,-12.0,-9.19,9.63,-5.19,-0.58,-1.12,9.72,99104.97,24.46,2024-11-19 17:04:57
-0.25,-0.03,0.48,15.88,-13.69,-12.0,-13.81,6.69,-4.94,-0.61,-1.18,9.71,99105.09,24.46,2024-11-19 17:04:57
-0.35,-0.2,0.6,15.5,-13.38,-11.5,-13.88,4.0,-3.06,-0.63,-1.25,9.7,99104.95,24.46,2024-11-19 17:04:57
-0.31,-0.17,0.56,15.5,-13.38,-11.5,-8.5,1.06,0.25,-0.64,-1.28,9.7,99104.95,24.46,2024-11-19 17:04:57
-0.17,0.36,0.3,16.19,-12.88,-12.0,-7.06,-2.69,3.62,-0.63,-1.31,9.69,99104.89,24.46,2024-11-19 17:04:57
0.18,-0.05,0.83,16.19,-12.88,-12.0,-9.13,-2.0,4.62,-0.62,-1.35,9.69,99104.9,24.46,2024-11-19 17:04:57
-0.08,0.0,1.44,16.19,-13.0,-11.25,-8.31,-2.81,4.75,-0.61,-1.39,9.68,99104.9,24.46,2024-11-19 17:04:57
0.25,-0.38,2.15,16.19,-13.0,-11.25,-2.25,-6.06,9.56,-0.6,-1.4,9.68,99105.19,24.46,2024-11-19 17:04:57
0.38,-0.1,0.98,16.25,-11.75,-11.56,9.88,-8.31,12.0,-0.56,-1.35,9.69,99105.95,24.46,2024-11-19 17:04:57
0.32,-0.15,0.09,16.25,-12.38,-12.25,7.81,-6.31,10.19,-0.54,-1.32,9.7,99105.95,24.46,2024-11-19 17:04:57
0.25,-0.49,0.84,16.25,-12.38,-12.25,8.25,-4.37,9.19,-0.52,-1.28,9.7,99105.61,24.46,2024-11-19 17:04:57
0.38,-0.71,0.16,16.25,-13.5,-11.56,15.13,-3.5,7.94,-0.51,-1.21,9.71,99104.96,24.46,2024-11-19 17:04:57
0.19,0.02,-0.35,16.25,-13.5,-11.56,10.81,-3.31,7.25,-0.5,-1.17,9.72,99104.96,24.46,2024-11-19 17:04:57
0.15,-0.1,0.11,15.56,-13.06,-12.56,8.69,1.19,5.06,-0.5,-1.12,9.72,99105.52,24.46,2024-11-19 17:04:57
-0.14,0.52,0.75,15.56,-13.06,-12.56,9.94,-0.69,5.19,-0.5,-1.07,9.73,99104.95,24.46,2024-11-19 17:04:57
0.13,0.09,0.0,17.06,-13.06,-11.75,10.06,-3.62,5.94,-0.5,-1.04,9.73,99104.95,24.46,2024-11-19 17:04:57
0.33,-0.3,-1.51,17.06,-13.06,-11.75,6.87,-5.19,3.19,-0.47,-1.0,9.74,99104.77,24.46,2024-11-19 17:04:57
0.29,-0.36,-1.03,14.88,-14.38,-11.69,2.87,-2.31,-0.25,-0.46,-0.98,9.74,99104.89,24.46,2024-11-19 17:04:57
0.14,-0.18,-1.02,14.56,-14.5,-13.0,-2.0,-1.81,-2.62,-0.45,-0.98,9.74,99104.89,24.46,2024-11-19 17:04:57
0.21,-0.08,-0.29,14.56,-14.5,-13.0,-8.06,-2.37,-3.62,-0.43,-1.02,9.74,99104.91,24.46,2024-11-19 17:04:57
0.11,-0.02,-0.44,16.19,-13.38,-13.19,-5.06,-3.31,-2.19,-0.42,-1.05,9.74,99105.06,24.46,2024-11-19 17:04:57
0.33,-0.1,-0.51,16.19,-13.38,-13.19,-3.12,-2.44,-0.75,-0.4,-1.07,9.73,99105.06,24.46,2024-11-19 17:04:57
0.61,-0.33,-0.7,14.69,-13.25,-12.69,-2.0,0.62,-1.5,-0.4,-1.07,9.73,99105.05,24.46,2024-11-19 17:04:57
0.6,-0.41,-0.79,14.69,-13.25,-12.69,-4.81,2.69,-3.06,-0.41,-1.1,9.73,99105.23,24.45,2024-11-19 17:04:57
0.48,-0.37,0.15,15.75,-13.25,-13.06,-7.75,4.31,-4.94,-0.41,-1.14,9.73,99105.23,24.45,2024-11-19 17:04:57
0.53,-0.2,1.11,15.06,-12.56,-15.06,-5.5,4.19,-5.44,-0.43,-1.17,9.72,99105.0,24.45,2024-11-19 17:04:57
0.62,-0.08,0.53,15.06,-12.56,-15.06,-6.44,4.25,-8.44,-0.44,-1.2,9.72,99105.09,24.45,2024-11-19 17:04:57
0.07,0.43,0.55,15.5,-12.56,-14.25,-9.44,4.37,-10.94,-0.45,-1.23,9.71,99105.09,24.45,2024-11-19 17:04:57
-0.1,0.07,1.21,15.5,-12.56,-14.25,-11.75,2.5,-9.38,-0.46,-1.29,9.7,99104.97,24.45,2024-11-19 17:04:57
-0.23,0.11,2.25,15.5,-10.88,-14.69,0.25,0.62,-8.19,-0.46,-1.31,9.7,99105.2,24.45,2024-11-19 17:04:57
0.22,0.29,1.95,15.5,-10.88,-14.69,4.81,-4.94,-7.12,-0.45,-1.3,9.7,99105.2,24.45,2024-11-19 17:04:57
0.26,-0.24,0.1,16.25,-11.25,-12.06,5.56,-3.56,-10.94,-0.42,-1.27,9.71,99105.74,24.45,2024-11-19 17:04:57
-0.19,-0.21,-0.34,14.88,-11.19,-15.0,3.44,-0.44,-14.63,-0.4,-1.25,9.71,99105.08,24.45,2024-11-19 17:04:57
-0.45,-0.15,-0.64,14.88,-11.19,-15.0,4.5,1.19,-15.13,-0.4,-1.23,9.71,99105.08,24.44,2024-11-19 17:04:57
-0.68,0.14,-0.47,14.56,-10.75,-15.0,4.06,2.12,-13.63,-0.4,-1.22,9.72,99105.04,24.44,2024-11-19 17:04:57
-0.64,0.63,0.79,14.56,-10.75,-15.0,4.87,-0.75,-8.94,-0.39,-1.2,9.72,99105.21,24.45,2024-11-19 17:04:57
-0.43,0.51,1.08,15.06,-10.56,-14.19,6.56,-4.69,-6.19,-0.38,-1.18,9.72,99105.21,24.44,2024-11-19 17:04:58
-0.07,0.16,-0.09,15.06,-10.56,-14.19,11.5,-10.63,-3.19,-0.33,-1.13,9.73,99106.14,24.44,2024-11-19 17:04:58
0.15,-0.19,-1.49,14.5,-10.06,-14.56,15.06,-7.94,-2.69,-0.29,-1.06,9.74,99106.59,24.45,2024-11-19 17:04:58
0.19,-0.31,-1.78,14.5,-10.06,-14.56,12.19,-4.62,-3.94,-0.26,-1.0,9.75,99106.59,24.44,2024-11-19 17:04:58
-0.03,-0.43,-1.42,15.0,-9.75,-14.06,4.0,-1.31,-6.37,-0.25,-0.98,9.75,99106.21,24.44,2024-11-19 17:04:58
-0.28,0.45,-0.86,14.75,-10.75,-15.69,-2.25,0.56,-5.0,-0.25,-0.98,9.75,99106.09,24.44,2024-11-19 17:04:58
-0.38,0.04,-0.72,14.75,-10.75,-15.69,-6.75,1.0,-2.19,-0.25,-1.0,9.75,99106.09,24.44,2024-11-19 17:04:58
-0.34,-0.11,-0.05,14.75,-8.69,-15.38,-7.12,3.0,1.69,-0.26,-1.04,9.74,99105.73,24.44,2024-11-19 17:04:58
-0.21,-0.23,-0.24,14.75,-8.69,-15.38,-5.5,2.69,4.87,-0.28,-1.07,9.74,99105.39,24.44,2024-11-19 17:04:58
-0.07,-0.45,-0.77,15.06,-8.06,-15.25,-8.31,3.25,4.75,-0.29,-1.09,9.74,99105.39,24.44,2024-11-19 17:04:58
0.07,-0.63,0.86,15.06,-8.06,-15.25,-14.19,1.81,4.62,-0.3,-1.16,9.73,99105.73,24.44,2024-11-19 17:04:58
0.1,-0.33,1.16,14.5,-8.0,-14.38,-10.06,-2.0,5.44,-0.3,-1.24,9.72,99105.82,24.44,2024-11-19 17:04:58
-0.05,0.09,0.19,14.56,-7.87,-14.75,-8.56,-2.0,5.19,-0.3,-1.26,9.71,99105.82,24.44,2024-11-19 17:04:58
-0.16,-0.29,0.66,14.56,-7.87,-14.75,-11.5,-0.62,3.87,-0.3,-1.31,9.71,99105.83,24.44,2024-11-19 17:04:58
-0.35,-0.57,1.82,14.69,-6.75,-15.56,-7.75,-0.13,4.56,-0.3,-1.36,9.7,99105.89,24.44,2024-11-19 17:04:58
-0.14,-0.34,1.83,14.69,-6.75,-15.56,0.94,-2.56,5.56,-0.29,-1.36,9.7,99105.89,24.44,2024-11-19 17:04:58
-0.06,0.57,0.66,14.69,-7.25,-15.0,5.0,-6.75,5.5,-0.26,-1.33,9.71,99105.9,24.44,2024-11-19 17:04:58
-0.08,-0.41,0.0,14.69,-7.25,-15.0,4.62,-4.94,5.25,-0.24,-1.3,9.71,99105.84,24.44,2024-11-19 17:04:58
0.09,-0.19,-0.3,15.38,-5.37,-15.88,10.81,0.25,2.56,-0.24,-1.27,9.71,99105.84,24.44,2024-11-19 17:04:58
0.28,0.17,-0.31,14.69,-5.87,-14.88,12.25,1.25,0.44,-0.25,-1.21,9.72,99106.12,24.44,2024-11-19 17:04:58
0.12,0.06,0.28,14.69,-5.87,-14.88,9.75,0.75,-1.19,-0.25,-1.16,9.73,99106.47,24.44,2024-11-19 17:04:58
-0.16,0.24,0.44,14.88,-6.5,-15.5,11.06,0.5,-1.81,-0.25,-1.12,9.73,99106.47,24.44,2024-11-19 17:04:58
0.0,0.21,0.34,14.88,-6.5,-15.5,14.75,-0.44,-0.75,-0.25,-1.06,9.74,99106.35,24.44,2024-11-19 17:04:58
0.27,0.1,0.24,13.69,-7.69,-15.0,17.87,-2.5,-0.88,-0.24,-0.94,9.75,99105.98,24.45,2024-11-19 17:04:58
0.31,-0.13,-0.66,13.69,-7.69,-15.0,16.94,-5.81,-2.75,-0.22,-0.88,9.76,99105.98,24.44,2024-11-19 17:04:58
0.53,-0.61,-1.03,14.75,-6.56,-16.25,13.25,-6.31,-5.5,-0.19,-0.81,9.77,99106.18,24.44,2024-11-19 17:04:58
0.5,-0.37,-1.54,13.69,-7.25,-16.75,7.25,-5.06,-9.63,-0.16,-0.77,9.77,99105.69,24.44,2024-11-19 17:04:58
0.47,-0.44,-1.1,13.69,-7.25,-16.75,0.5,-3.94,-11.38,-0.14,-0.76,9.77,99105.69,24.44,2024-11-19 17:04:58
0.39,-0.25,-0.72,14.56,-8.06,-16.37,-3.94,-1.25,-12.81,-0.12,-0.78,9.77,99105.83,24.44,2024-11-19 17:04:58
0.31,0.2,-0.64,14.56,-8.06,-16.37,-7.19,1.37,-11.81,-0.12,-0.82,9.77,99105.46,24.44,2024-11-19 17:04:58
0.35,-0.27,-0.86,13.75,-6.87,-15.25,-12.69,5.31,-10.5,-0.13,-0.86,9.76,99105.46,24.44,2024-11-19 17:04:58
0.23,-0.42,-0.23,13.75,-6.87,-15.25,-14.56,10.0,-9.69,-0.17,-0.93,9.76,99105.56,24.44,2024-11-19 17:04:58
0.17,-0.18,-0.13,13.06,-5.75,-16.06,-12.63,13.88,-7.94,-0.23,-1.0,9.75,99104.98,24.44,2024-11-19 17:04:58
0.21,0.32,1.04,13.06,-5.75,-16.06,-15.06,15.13,-6.69,-0.28,-1.05,9.74,99104.98,24.44,2024-11-19 17:04:58
0.38,0.26,1.91,13.88,-5.0,-16.06,-13.63,10.44,-3.87,-0.34,-1.12,9.73,99105.4,24.44,2024-11-19 17:04:58
0.37,-0.18,0.95,14.5,-4.5,-14.88,-9.69,3.25,-1.62,-0.36,-1.17,9.72,99105.86,24.44,2024-11-19 17:04:59
0.38,-0.5,1.24,14.5,-4.5,-14.88,-4.69,-0.06,0.62,-0.37,-1.21,9.72,99105.86,24.44,2024-11-19 17:04:59
0.04,0.26,1.31,15.38,-2.56,-15.69,4.87,0.5,0.81,-0.37,-1.2,9.72,99105.82,24.44,2024-11-19 17:04:59
0.12,0.22,1.39,15.38,-2.56,-15.69,7.37,0.81,0.75,-0.37,-1.16,9.72,99105.49,24.44,2024-11-19 17:04:59
-0.03,-0.1,0.37,14.5,-2.25,-15.19,10.13,2.31,-1.19,-0.38,-1.13,9.73,99105.49,24.44,2024-11-19 17:04:59
-0.4,0.16,-0.17,14.5,-2.25,-15.19,9.38,2.31,-2.87,-0.39,-1.08,9.73,99106.06,24.44,2024-11-19 17:04:59
-0.54,0.42,-0.18,16.56,-2.56,-15.75,8.06,1.37,-1.25,-0.4,-1.04,9.74,99106.56,24.44,2024-11-19 17:04:59
-0.41,0.31,-0.02,16.56,-2.56,-15.75,6.0,-2.5,1.69,-0.39,-1.01,9.74,99106.56,24.44,2024-11-19 17:04:59
-0.17,0.04,0.48,16.69,-2.25,-16.69,8.19,-5.81,1.5,-0.36,-0.98,9.75,99106.69,24.44,2024-11-19 17:04:59
-0.16,0.43,0.89,16.06,-2.25,-16.25,10.19,-11.25,2.31,-0.32,-0.93,9.75,99106.49,24.44,2024-11-19 17:04:59
-0.06,0.02,-0.05,16.06,-2.25,-16.25,10.94,-13.56,3.06,-0.27,-0.89,9.76,99106.49,24.44,2024-11-19 17:04:59
0.09,-0.37,-1.26,15.75,-2.69,-16.69,14.0,-11.88,2.12,-0.21,-0.83,9.76,99106.07,24.44,2024-11-19 17:04:59
0.25,-0.52,-2.25,15.75,-2.69,-16.69,8.19,-5.12,0.5,-0.17,-0.77,9.77,99105.6,24.44,2024-11-19 17:04:59
0.17,-0.39,-2.01,14.38,-3.06,-16.56,2.06,-0.94,-0.94,-0.17,-0.76,9.77,99105.6,24.44,2024-11-19 17:04:59
-0.29,-0.04,-0.78,14.38,-3.06,-16.56,-3.94,4.94,-2.06,-0.18,-0.77,9.77,99105.59,24.44,2024-11-19 17:04:59
-0.5,0.59,0.01,15.5,-3.0,-17.0,-7.06,3.94,5.19,-0.21,-0.81,9.77,99105.47,24.44,2024-11-19 17:04:59
-0.04,-0.29,-0.67,16.25,-1.75,-17.19,-7.94,5.25,7.19,-0.23,-0.84,9.76,99105.47,24.44,2024-11-19 17:04:59
0.25,-0.55,-0.98,16.25,-1.75,-17.19,-12.81,8.19,6.31,-0.27,-0.89,9.76,99105.84,24.44,2024-11-19 17:04:59
0.21,-0.29,0.48,15.19,-1.69,-16.25,-18.37,7.69,4.94,-0.31,-0.97,9.75,99105.34,24.44,2024-11-19 17:04:59
0.13,-0.09,0.98,15.19,-1.69,-16.25,-19.56,3.12,5.75,-0.33,-1.04,9.74,99105.34,24.44,2024-11-19 17:04:59
0.11,0.23,1.52,16.0,-1.37,-16.56,-15.63,-3.25,8.88,-0.32,-1.15,9.73,99105.62,24.44,2024-11-19 17:04:59
0.1,0.4,0.88,16.0,-1.37,-16.56,-12.06,-4.25,10.69,-0.31,-1.21,9.72,99105.59,24.44,2024-11-19 17:04:59
0.07,-0.28,0.85,15.88,-0.25,-15.88,-11.75,-4.0,11.31,-0.3,-1.25,9.72,99105.59,24.44,2024-11-19 17:04:59
-0.04,-0.36,1.83,15.88,0.37,-16.5,-0.81,-3.0,12.56,-0.29,-1.28,9.71,99106.06,24.44,2024-11-19 17:04:59
0.07,0.27,0.78,15.88,0.37,-16.5,9.63,-3.25,12.81,-0.29,-1.24,9.72,99106.2,24.44,2024-11-19 17:04:59
-0.01,0.27,0.96,14.5,0.06,-16.06,8.63,-2.81,12.25,-0.28,-1.19,9.72,99106.2,24.44,2024-11-19 17:04:59
0.2,-0.29,1.03,14.5,0.06,-16.06,14.06,-4.25,10.13,-0.27,-1.13,9.73,99105.84,24.44,2024-11-19 17:04:59
0.45,-0.33,-0.84,15.06,0.25,-16.69,10.31,-5.75,6.75,-0.25,-1.07,9.74,99105.99,24.44,2024-11-19 17:04:59
0.29,-0.36,-0.65,15.06,0.25,-16.69,6.5,-3.5,4.44,-0.24,-1.05,9.74,99105.99,24.44,2024-11-19 17:04:59
-0.05,0.59,0.04,15.19,-1.19,-16.5,6.25,-1.25,3.0,-0.23,-1.0,9.75,99105.84,24.44,2024-11-19 17:04:59
-0.27,0.9,-0.06,14.38,-1.06,-16.75,4.69,-0.62,4.12,-0.23,-0.99,9.75,99105.94,24.44,2024-11-19 17:04:59
-0.32,0.49,0.4,14.38,-1.06,-16.75,5.06,-0.06,7.06,-0.23,-0.96,9.75,99105.94,24.44,2024-11-19 17:04:59
0.06,-0.38,0.12,15.06,-0.69,-18.37,10.75,-1.37,7.19,-0.23,-0.92,9.76,99106.06,24.44,2024-11-19 17:04:59
0.42,-0.62,-0.74,15.06,-0.69,-18.37,11.13,-2.5,2.87,-0.22,-0.86,9.76,99105.28,24.44,2024-11-19 17:04:59
0.51,-0.83,-1.2,15.69,0.19,-17.56,5.31,-2.5,-1.5,-0.21,-0.84,9.76,99105.28,24.44,2024-11-19 17:04:59
0.26,-0.8,-0.88,15.69,0.19,-17.56,-1.62,-1.75,-7.62,-0.2,-0.84,9.76,99105.2,24.44,2024-11-19 17:05:00
0.01,-0.13,-1.21,14.75,-0.88,-17.69,-6.0,-0.62,-9.75,-0.19,-0.86,9.76,99104.95,24.44,2024-11-19 17:05:00
0.09,0.02,-0.46,14.75,-0.88,-17.69,-9.38,-0.31,-9.06,-0.19,-0.89,9.76,99104.95,24.44,2024-11-19 17:05:00
0.3,-0.18,-0.67,14.0,-1.37,-17.56,-9.44,-0.5,-8.0,-0.18,-0.94,9.75,99105.28,24.44,2024-11-19 17:05:00
0.3,0.1,-0.83,14.75,-0.37,-16.56,-11.13,1.56,-7.87,-0.18,-0.99,9.75,99105.55,24.45,2024-11-19 17:05:00
0.27,0.11,-0.52,14.75,-0.37,-16.56,-12.63,5.0,-6.31,-0.19,-1.03,9.74,99105.55,24.45,2024-11-19 17:05:00
0.34,-0.13,0.53,15.5,-0.37,-17.37,-11.13,8.0,-4.12,-0.22,-1.09,9.74,99105.23,24.45,2024-11-19 17:05:00
0.38,0.37,1.38,15.5,-0.37,-17.37,-5.12,7.37,-2.25,-0.26,-1.13,9.73,99105.12,24.45,2024-11-19 17:05:00
0.36,0.65,0.84,15.75,0.37,-16.56,-2.31,6.19,-1.37,-0.28,-1.13,9.73,99105.12,24.45,2024-11-19 17:05:00
0.14,0.21,0.44,15.75,0.37,-16.56,-7.31,5.0,-1.0,-0.3,-1.16,9.73,99104.88,24.45,2024-11-19 17:05:00
0.15,-0.24,2.05,15.75,1.75,-16.56,3.62,2.81,0.62,-0.33,-1.18,9.72,99104.6,24.46,2024-11-19 17:05:00
0.12,0.61,0.55,15.75,1.75,-16.56,8.5,1.19,1.0,-0.33,-1.15,9.73,99104.6,24.45,2024-11-19 17:05:00
0.38,-0.39,0.99,15.56,2.87,-16.75,-1.5,-2.0,-0.37,-0.33,-1.15,9.73,99105.06,24.45,2024-11-19 17:05:00
0.17,-0.72,1.08,15.56,2.87,-16.75,1.12,0.94,-3.62,-0.33,-1.14,9.73,99105.32,24.46,2024-11-19 17:05:00
-0.33,0.22,-0.21,15.19,1.37,-16.19,11.81,4.75,-7.5,-0.34,-1.1,9.73,99105.32,24.46,2024-11-19 17:05:00
-0.77,0.65,-0.62,15.19,1.37,-16.19,4.37,4.81,-7.44,-0.36,-1.07,9.74,99105.23,24.46,2024-11-19 17:05:00
-0.67,-0.38,1.04,15.0,2.19,-17.0,3.37,0.81,-4.12,-0.37,-1.06,9.74,99106.04,24.46,2024-11-19 17:05:00
-0.33,-0.12,1.6,16.0,1.37,-16.25,12.69,-2.81,-2.75,-0.37,-1.02,9.74,99106.04,24.46,2024-11-19 17:05:00
-0.23,0.7,0.37,16.0,1.37,-16.25,17.37,-9.25,-2.0,-0.33,-0.94,9.75,99106.27,24.46,2024-11-19 17:05:00
0.12,-0.34,-0.74,15.06,1.75,-18.19,7.25,-11.69,-2.31,-0.25,-0.87,9.76,99106.13,24.46,2024-11-19 17:05:00
0.0,-0.95,-1.19,15.06,1.75,-18.19,8.69,-7.19,-4.31,-0.23,-0.85,9.76,99106.13,24.46,2024-11-19 17:05:00
-0.01,-0.15,-1.87,15.06,1.06,-17.37,12.44,-2.75,-5.25,-0.2,-0.79,9.77,99105.73,24.46,2024-11-19 17:05:00
-0.24,0.7,-1.62,15.06,1.06,-17.37,1.06,1.62,-5.37,-0.2,-0.76,9.77,99105.73,24.46,2024-11-19 17:05:00
-0.52,0.61,-0.54,15.06,0.06,-17.75,-7.12,3.69,-2.87,-0.21,-0.78,9.77,99105.73,24.46,2024-11-19 17:05:00
-0.23,-0.45,-0.42,13.5,-0.25,-17.5,-6.19,3.94,2.44,-0.23,-0.82,9.76,99105.54,24.46,2024-11-19 17:05:00
-0.05,-0.01,-0.8,13.5,-0.25,-17.5,-0.5,5.19,5.06,-0.26,-0.83,9.76,99104.9,24.45,2024-11-19 17:05:00
0.06,-0.08,-0.91,15.69,0.88,-17.69,-3.75,6.87,5.75,-0.29,-0.84,9.76,99104.9,24.45,2024-11-19 17:05:00
-0.05,-0.29,0.16,15.69,0.88,-17.69,-16.56,6.0,5.69,-0.33,-0.91,9.75,99104.55,24.45,2024-11-19 17:05:00
-0.09,-0.52,0.84,16.37,1.25,-17.25,-14.13,0.94,8.0,-0.34,-0.99,9.74,99105.18,24.45,2024-11-19 17:05:00
0.14,-0.14,0.95,16.37,1.25,-17.25,-9.63,-1.37,9.75,-0.34,-1.02,9.74,99105.18,24.45,2024-11-19 17:05:00
0.11,0.28,1.19,15.69,1.19,-16.5,-7.94,-1.44,9.19,-0.34,-1.06,9.74,99105.14,24.45,2024-11-19 17:05:00
-0.32,-0.09,1.73,16.0,1.5,-17.25,-10.94,-1.12,9.06,-0.34,-1.11,9.73,99105.63,24.45,2024-11-19 17:05:00
-0.13,-0.62,2.46,16.0,1.5,-17.25,-5.69,-2.94,11.19,-0.34,-1.13,9.73,99105.63,24.46,2024-11-19 17:05:00
0.16,-0.18,0.69,16.75,2.37,-17.0,8.06,-4.5,12.75,-0.32,-1.1,9.73,99105.29,24.46,2024-11-19 17:05:00
0.34,0.0,0.56,16.75,2.37,-17.0,2.06,-3.75,8.75,-0.3,-1.07,9.74,99104.58,24.45,2024-11-19 17:05:00
0.63,-0.58,1.15,15.19,1.56,-17.06,4.31,-2.19,5.81,-0.29,-1.06,9.74,99104.58,24.45,2024-11-19 17:05:00
0.57,-0.1,-0.8,15.19,1.56,-17.06,9.0,-0.56,0.81,-0.29,-1.02,9.74,99104.67,24.45,2024-11-19 17:05:01
0.19,0.2,-1.33,16.25,0.56,-17.87,0.94,1.12,-3.37,-0.29,-1.0,9.75,99105.12,24.45,2024-11-19 17:05:01
-0.15,0.21,-0.63,16.69,1.37,-17.87,-4.69,6.25,-3.87,-0.31,-1.02,9.74,99105.12,24.45,2024-11-19 17:05:01
-0.52,0.66,0.6,16.69,1.37,-17.87,-1.87,4.25,0.88,-0.34,-1.04,9.74,99105.36,24.45,2024-11-19 17:05:01
-0.06,0.46,0.52,15.88,0.75,-17.87,2.94,-1.31,5.69,-0.34,-1.03,9.74,99105.81,24.45,2024-11-19 17:05:01
0.14,-0.13,-0.55,15.88,0.75,-17.87,2.75,-2.5,5.25,-0.34,-1.02,9.74,99105.81,24.45,2024-11-19 17:05:01
0.23,-0.44,-0.78,15.56,1.06,-17.87,1.94,-2.19,1.69,-0.32,-1.01,9.74,99105.98,24.45,2024-11-19 17:05:01
0.46,-1.14,-0.95,15.56,1.06,-17.87,5.5,-2.25,-3.37,-0.31,-0.98,9.75,99106.05,24.45,2024-11-19 17:05:01
0.48,-0.77,-1.46,15.56,0.0,-17.87,3.62,-1.94,-7.12,-0.3,-0.97,9.75,99106.05,24.45,2024-11-19 17:05:01
0.34,-0.55,-0.66,15.56,0.0,-17.87,-1.31,0.31,-12.06,-0.3,-0.97,9.75,99106.17,24.45,2024-11-19 17:05:01
-0.01,0.16,-0.46,16.0,0.37,-17.87,0.31,-0.69,-12.44,-0.29,-0.98,9.75,99105.88,24.45,2024-11-19 17:05:01
0.08,0.06,-0.8,16.0,0.37,-17.87,-0.81,-1.44,-11.13,-0.28,-0.98,9.75,99105.88,24.45,2024-11-19 17:05:01
0.57,-0.43,-0.91,15.69,0.0,-17.87,-3.31,-1.06,-11.31,-0.27,-1.0,9.75,99105.98,24.45,2024-11-19 17:05:01
0.47,-0.19,-0.46,15.25,0.0,-18.25,-8.94,-1.75,-13.0,-0.26,-1.04,9.74,99105.73,24.45,2024-11-19 17:05:01
0.38,0.13,1.21,15.25,0.0,-18.25,-7.62,-2.94,-11.56,-0.25,-1.07,9.74,99105.73,24.45,2024-11-19 17:05:01
0.42,0.7,1.19,15.25,1.06,-18.25,-2.62,-6.5,-8.19,-0.21,-1.09,9.74,99106.37,24.45,2024-11-19 17:05:01
0.25,0.3,0.25,15.25,1.06,-18.25,-1.87,-5.94,-6.69,-0.18,-1.1,9.74,99106.08,24.45,2024-11-19 17:05:01
0.04,0.23,0.23,15.0,0.0,-17.5,-0.69,-2.37,-3.94,-0.16,-1.11,9.74,99106.08,24.45,2024-11-19 17:05:01
0.22,-0.16,1.13,15.0,0.0,-17.5,3.87,-1.06,-1.25,-0.15,-1.1,9.74,99105.71,24.45,2024-11-19 17:05:01
0.36,-0.07,0.7,15.19,0.5,-18.25,9.44,2.25,0.31,-0.16,-1.04,9.74,99105.41,24.45,2024-11-19 17:05:01
0.54,-0.39,1.0,14.38,0.5,-16.56,9.25,5.56,-1.12,-0.16,-1.01,9.75,99105.41,24.45,2024-11-19 17:05:01
0.05,-0.22,0.35,14.38,0.5,-16.56,14.94,10.0,-5.31,-0.19,-0.96,9.75,99105.41,24.45,2024-11-19 17:05:01
-0.26,0.04,-0.03,15.38,0.19,-17.0,11.94,10.38,-7.44,-0.24,-0.89,9.76,99105.3,24.45,2024-11-19 17:05:01
-0.77,0.1,0.4,15.38,0.19,-17.0,7.44,8.5,-7.06,-0.27,-0.86,9.76,99105.3,24.45,2024-11-19 17:05:01
-0.89,0.44,2.05,14.56,0.5,-17.06,7.56,-1.06,-3.31,-0.27,-0.81,9.76,99105.93,24.45,2024-11-19 17:05:01
-0.59,0.74,0.84,14.56,0.5,-17.06,10.38,-14.06,1.56,-0.2,-0.76,9.77,99106.16,24.45,2024-11-19 17:05:01
-0.16,0.1,-0.37,15.25,0.88,-16.69,4.56,-17.87,2.0,-0.14,-0.75,9.77,99106.16,24.45,2024-11-19 17:05:01
-0.08,-0.53,-0.91,14.25,-0.88,-16.19,3.62,-14.63,0.37,-0.07,-0.73,9.77,99105.73,24.45,2024-11-19 17:05:01
0.0,-0.51,-1.67,14.25,-0.88,-16.19,5.37,-7.81,-1.06,-0.02,-0.7,9.78,99105.82,24.45,2024-11-19 17:05:01
0.06,-0.2,-2.15,14.88,-1.0,-17.56,2.12,-2.62,-2.5,0.0,-0.69,9.78,99105.82,24.45,2024-11-19 17:05:01
-0.12,-0.2,-1.92,14.88,-1.0,-17.56,-5.94,6.31,-4.25,-0.02,-0.71,9.78,99106.16,24.45,2024-11-19 17:05:01
-0.39,-0.05,-0.75,13.69,-1.37,-17.69,-10.38,13.69,-2.87,-0.07,-0.76,9.77,99105.83,24.45,2024-11-19 17:05:01
-0.45,0.06,-0.35,13.69,-1.37,-17.69,-7.19,15.44,1.5,-0.15,-0.8,9.77,99105.83,24.45,2024-11-19 17:05:01
-0.43,0.24,-0.39,14.75,-1.0,-17.87,-6.87,14.88,5.62,-0.23,-0.83,9.76,99105.94,24.45,2024-11-19 17:05:01
-0.23,0.0,-0.44,14.75,-1.0,-17.87,-8.25,15.56,6.25,-0.28,-0.86,9.76,99105.48,24.45,2024-11-19 17:05:01
-0.19,-0.28,0.01,15.75,-1.0,-15.88,-12.88,13.5,7.62,-0.36,-0.91,9.75,99105.48,24.45,2024-11-19 17:05:02
-0.02,-0.55,0.66,15.75,-1.0,-15.88,-10.19,8.75,8.44,-0.41,-0.97,9.74,99105.4,24.45,2024-11-19 17:05:02
0.13,0.1,0.79,15.88,-0.75,-16.75,-6.37,4.75,9.13,-0.44,-1.0,9.74,99105.69,24.45,2024-11-19 17:05:02
0.0,0.13,0.54,16.25,-0.06,-15.56,-9.5,4.12,9.06,-0.46,-1.03,9.74,99105.69,24.45,2024-11-19 17:05:02
-0.24,-0.45,2.1,16.25,-0.06,-15.56,-8.06,2.62,9.06,-0.48,-1.07,9.73,99105.94,24.45,2024-11-19 17:05:02
-0.19,-0.23,1.94,16.37,0.0,-15.5,7.44,-2.94,10.88,-0.48,-1.06,9.73,99105.48,24.45,2024-11-19 17:05:02
-0.11,0.21,1.47,16.37,0.0,-15.5,13.06,-6.0,11.38,-0.47,-1.0,9.74,99105.48,24.45,2024-11-19 17:05:02
0.17,-0.07,0.93,17.56,0.06,-16.25,11.0,-6.37,10.19,-0.44,-0.94,9.75,99105.98,24.45,2024-11-19 17:05:02
0.48,-0.67,0.43,17.56,0.06,-16.25,14.88,-4.06,4.5,-0.42,-0.87,9.75,99105.88,24.45,2024-11-19 17:05:02
0.25,0.05,-0.83,17.19,0.25,-15.0,13.63,-3.44,1.75,-0.41,-0.82,9.76,99105.88,24.45,2024-11-19 17:05:02
0.04,0.04,-0.62,18.0,-0.56,-15.25,5.69,-1.25,0.88,-0.4,-0.78,9.76,99105.43,24.45,2024-11-19 17:05:02
-0.03,0.15,0.05,18.0,-0.56,-15.25,3.94,0.44,1.69,-0.4,-0.76,9.76,99105.23,24.45,2024-11-19 17:05:02
0.01,0.69,1.04,17.69,-0.19,-16.19,6.87,-1.19,3.37,-0.4,-0.74,9.76,99105.23,24.45,2024-11-19 17:05:02
0.32,0.41,-0.54,17.69,-0.19,-16.19,5.81,-2.81,5.75,-0.39,-0.7,9.77,99104.93,24.45,2024-11-19 17:05:02
0.44,-0.73,-0.76,17.0,-1.69,-15.88,1.69,0.62,4.0,-0.38,-0.69,9.77,99104.66,24.45,2024-11-19 17:05:02
0.44,-0.72,-0.63,17.0,-1.69,-15.88,5.75,3.06,1.25,-0.39,-0.68,9.77,99104.66,24.45,2024-11-19 17:05:02
0.27,-0.1,-0.91,18.06,-1.25,-15.19,5.12,2.44,-2.5,-0.42,-0.63,9.77,99104.82,24.45,2024-11-19 17:05:02
0.23,-0.64,-0.77,18.06,-1.25,-15.19,-0.44,0.75,-3.75,-0.42,-0.63,9.77,99105.08,24.45,2024-11-19 17:05:02
0.07,-0.78,-0.8,17.06,-0.88,-16.0,-2.37,-0.37,-6.69,-0.42,-0.64,9.77,99105.08,24.45,2024-11-19 17:05:02
0.12,-0.6,-0.51,18.06,-1.25,-15.19,-1.37,-1.94,-6.69,-0.41,-0.65,9.77,99104.55,24.45,2024-11-19 17:05:02
0.27,-0.12,-0.36,18.06,-1.25,-15.19,0.06,-5.12,-5.25,-0.39,-0.65,9.77,99104.41,24.44,2024-11-19 17:05:02
0.41,-0.25,-0.66,18.87,-1.25,-15.19,-1.62,-5.87,-4.75,-0.37,-0.65,9.77,99104.41,24.44,2024-11-19 17:05:02
0.32,-0.31,-0.79,18.87,-1.25,-15.19,-4.56,-3.5,-4.37,-0.34,-0.67,9.77,99104.7,24.44,2024-11-19 17:05:02
0.27,-0.09,0.58,16.69,-0.25,-14.88,-3.75,0.25,-3.44,-0.34,-0.7,9.77,99105.07,24.45,2024-11-19 17:05:02
0.49,0.38,0.85,16.69,-0.25,-14.88,0.25,-0.44,-1.19,-0.34,-0.7,9.77,99105.07,24.44,2024-11-19 17:05:02
0.37,0.58,-0.01,17.75,-0.25,-14.5,0.25,1.31,-1.19,-0.34,-0.7,9.77,99105.44,24.44,2024-11-19 17:05:02
0.23,0.29,0.09,18.06,-0.25,-14.5,-6.81,4.56,-0.81,-0.35,-0.72,9.77,99105.74,24.44,2024-11-19 17:05:02
0.17,-0.35,1.6,18.06,-0.25,-14.5,-4.5,5.69,0.5,-0.37,-0.74,9.77,99105.74,24.44,2024-11-19 17:05:02
0.04,0.25,0.81,18.5,0.0,-14.0,5.31,5.81,1.06,-0.4,-0.73,9.77,99105.97,24.44,2024-11-19 17:05:02
0.07,0.11,1.47,18.5,0.0,-14.0,0.88,7.5,-0.31,-0.45,-0.71,9.76,99105.6,24.44,2024-11-19 17:05:02
0.18,-0.58,1.05,18.5,0.37,-13.56,4.25,5.87,-3.06,-0.47,-0.7,9.76,99105.6,24.44,2024-11-19 17:05:02
-0.41,0.13,-0.29,18.5,0.37,-13.56,9.56,4.62,-8.75,-0.49,-0.66,9.77,99105.58,24.44,2024-11-19 17:05:02
-0.87,0.43,0.99,19.0,1.06,-13.69,3.69,2.19,-9.25,-0.51,-0.63,9.77,99105.88,24.44,2024-11-19 17:05:02
-0.7,0.22,1.32,19.0,1.06,-13.69,4.44,-2.87,-6.37,-0.5,-0.62,9.77,99105.88,24.44,2024-11-19 17:05:02
-0.33,0.35,0.18,18.19,0.25,-14.06,9.81,-11.19,-2.94,-0.46,-0.58,9.77,99105.54,24.44,2024-11-19 17:05:02
-0.29,0.13,-0.16,18.25,1.06,-13.25,7.06,-14.69,-2.12,-0.39,-0.54,9.78,99105.45,24.44,2024-11-19 17:05:02
0.11,-0.71,-0.79,18.25,1.06,-13.25,7.37,-15.38,-1.75,-0.31,-0.51,9.78,99105.45,24.44,2024-11-19 17:05:03
0.18,-0.55,-1.56,17.69,-0.06,-13.56,11.19,-11.06,-3.94,-0.25,-0.45,9.79,99105.02,24.44,2024-11-19 17:05:03
-0.07,-0.13,-1.92,17.69,-0.06,-13.56,-1.25,-4.12,-5.37,-0.22,-0.44,9.79,99105.01,24.44,2024-11-19 17:05:03
-0.18,-0.05,-1.08,17.25,0.56,-14.38,-3.81,-0.69,-4.62,-0.21,-0.46,9.79,99105.01,24.44,2024-11-19 17:05:03
-0.26,0.13,-0.81,17.25,0.56,-14.38,-2.31,3.06,-2.0,-0.22,-0.47,9.79,99104.86,24.44,2024-11-19 17:05:03
-0.15,-0.01,-0.61,17.69,1.06,-14.0,-4.56,5.62,1.94,-0.25,-0.49,9.79,99104.52,24.44,2024-11-19 17:05:03
-0.07,-0.24,-0.55,17.69,1.06,-14.0,-4.44,7.69,3.25,-0.27,-0.5,9.78,99104.52,24.44,2024-11-19 17:05:03
-0.04,-0.25,-0.56,16.56,0.19,-13.19,-5.94,10.25,3.0,-0.34,-0.54,9.78,99104.49,24.44,2024-11-19 17:05:03
-0.13,-0.27,-0.14,17.56,2.06,-14.75,-10.06,10.69,3.0,-0.38,-0.58,9.78,99105.26,24.44,2024-11-19 17:05:03
-0.02,-0.22,0.83,17.56,2.06,-14.75,-9.31,6.75,4.31,-0.42,-0.63,9.77,99105.26,24.44,2024-11-19 17:05:03
-0.02,0.21,1.28,18.06,1.37,-12.38,-6.25,1.87,5.44,-0.44,-0.66,9.77,99105.62,24.44,2024-11-19 17:05:03
0.19,0.56,0.65,18.06,1.37,-12.38,-8.13,-0.31,5.75,-0.44,-0.7,9.77,99105.8,24.44,2024-11-19 17:05:03
0.13,-0.2,-0.04,19.25,2.87,-13.19,-10.19,1.69,4.75,-0.44,-0.73,9.76,99105.8,24.44,2024-11-19 17:05:03
-0.23,-0.24,1.85,19.25,2.87,-13.19,-6.44,1.44,6.87,-0.46,-0.77,9.76,99105.84,24.44,2024-11-19 17:05:03
-0.14,-0.08,1.8,18.87,2.5,-12.56,6.37,-3.87,9.63,-0.44,-0.74,9.76,99105.78,24.44,2024-11-19 17:05:03
0.09,0.01,0.86,18.5,3.56,-12.69,8.0,-5.5,9.25,-0.43,-0.71,9.77,99105.78,24.43,2024-11-19 17:05:03
0.14,-0.11,0.67,18.5,3.56,-12.69,9.75,-3.87,6.62,-0.41,-0.67,9.77,99105.64,24.43,2024-11-19 17:05:03
0.49,-0.82,-0.35,18.75,3.69,-14.0,16.37,-1.81,2.69,-0.4,-0.6,9.77,99105.2,24.43,2024-11-19 17:05:03
0.41,-0.41,-1.19,18.75,3.69,-14.0,14.63,-0.25,-0.5,-0.39,-0.55,9.78,99105.2,24.43,2024-11-19 17:05:03
-0.03,0.29,0.65,18.25,3.0,-14.5,9.63,0.75,-1.94,-0.4,-0.48,9.78,99104.95,24.43,2024-11-19 17:05:03
-0.05,0.51,1.07,18.25,3.0,-14.5,13.31,-4.81,0.56,-0.38,-0.44,9.78,99104.92,24.43,2024-11-19 17:05:03
0.09,0.47,0.46,18.19,3.37,-14.88,14.75,-8.0,2.12,-0.35,-0.36,9.79,99104.92,24.43,2024-11-19 17:05:03
0.07,-0.18,-0.84,18.19,3.37,-14.88,8.63,-7.69,1.75,-0.31,-0.31,9.79,99105.31,24.43,2024-11-19 17:05:03
0.4,-0.84,-0.11,18.56,2.25,-14.69,11.75,-7.44,-1.5,-0.27,-0.26,9.79,99105.02,24.43,2024-11-19 17:05:03
0.28,-0.09,-0.75,17.19,2.0,-15.75,10.44,-9.75,-3.06,-0.24,-0.22,9.8,99105.02,24.43,2024-11-19 17:05:03
0.3,-0.32,-1.06,17.19,2.0,-15.75,-1.94,-12.13,-4.31,-0.18,-0.21,9.8,99105.41,24.43,2024-11-19 17:05:03
0.34,-0.59,-0.97,17.19,2.37,-15.75,-5.37,-8.0,-5.31,-0.13,-0.24,9.8,99105.65,24.43,2024-11-19 17:05:03
0.4,0.13,-0.74,17.19,2.37,-15.75,-3.56,-1.81,-4.31,-0.12,-0.25,9.8,99105.65,24.43,2024-11-19 17:05:03
0.53,0.15,-0.99,15.06,2.5,-17.37,-10.5,2.81,-2.69,-0.12,-0.29,9.8,99105.98,24.43,2024-11-19 17:05:03
0.67,-0.58,-0.89,15.06,2.5,-17.37,-13.56,9.19,-3.31,-0.16,-0.36,9.79,99105.95,24.43,2024-11-19 17:05:03
0.39,-0.41,-0.42,16.0,2.69,-16.5,-12.38,12.69,-4.12,-0.2,-0.4,9.79,99105.95,24.43,2024-11-19 17:05:03
0.08,0.29,0.64,16.0,4.25,-15.75,-13.81,14.25,-3.06,-0.27,-0.47,9.79,99105.29,24.43,2024-11-19 17:05:03
0.08,0.36,1.2,16.0,4.25,-15.75,-15.13,9.88,0.5,-0.32,-0.54,9.78,99105.73,24.43,2024-11-19 17:05:03
0.33,-0.13,1.04,15.38,4.69,-17.0,-14.13,5.5,2.25,-0.34,-0.59,9.78,99105.73,24.43,2024-11-19 17:05:03
0.54,-0.32,0.78,15.38,4.69,-17.0,-10.44,1.75,1.56,-0.36,-0.65,9.77,99105.82,24.43,2024-11-19 17:05:03
0.4,-0.2,0.96,16.06,6.06,-17.0,-6.75,-1.25,1.31,-0.36,-0.69,9.77,99106.41,24.44,2024-11-19 17:05:04
0.27,-0.21,1.11,16.06,6.06,-17.0,-1.0,-2.44,2.31,-0.34,-0.71,9.77,99106.41,24.44,2024-11-19 17:05:04
0.32,-0.2,1.01,17.19,6.0,-16.37,4.5,-2.44,1.87,-0.33,-0.69,9.77,99106.15,24.44,2024-11-19 17:05:04
0.41,-0.23,1.07,15.69,4.75,-17.75,10.19,-2.06,0.0,-0.3,-0.66,9.77,99106.1,24.44,2024-11-19 17:05:04
0.27,-0.47,-0.37,15.69,4.75,-17.75,13.88,-0.81,-2.81,-0.3,-0.62,9.78,99106.1,24.44,2024-11-19 17:05:04
-0.23,0.11,-0.99,15.69,5.5,-18.19,12.88,1.69,-7.06,-0.3,-0.55,9.78,99105.98,24.44,2024-11-19 17:05:04
-0.56,0.19,-0.49,15.69,5.5,-18.19,4.56,0.75,-7.06,-0.31,-0.51,9.78,99105.63,24.44,2024-11-19 17:05:04
-0.57,-0.04,0.53,15.56,4.0,-19.5,4.94,-3.75,-3.75,-0.3,-0.49,9.78,99105.63,24.44,2024-11-19 17:05:04
-0.38,0.39,0.8,15.56,4.0,-19.5,9.44,-11.44,-1.25,-0.25,-0.45,9.79,99105.74,24.44,2024-11-19 17:05:04
-0.27,0.31,0.25,14.5,5.06,-19.37,9.25,-13.5,0.13,-0.18,-0.41,9.79,99105.29,24.44,2024-11-19 17:05:04
-0.25,0.04,-0.25,14.5,5.06,-19.37,10.13,-12.81,0.56,-0.14,-0.37,9.79,99105.29,24.44,2024-11-19 17:05:04
-0.03,-0.57,-1.1,13.5,4.06,-20.87,11.0,-10.94,0.69,-0.08,-0.32,9.8,99105.56,24.44,2024-11-19 17:05:04
-0.01,-0.51,-1.93,13.5,4.06,-20.87,9.25,-3.06,-2.37,-0.05,-0.27,9.8,99105.43,24.44,2024-11-19 17:05:04
-0.22,-0.06,-1.34,13.19,4.69,-22.56,2.37,1.75,-3.81,-0.06,-0.25,9.8,99105.43,24.44,2024-11-19 17:05:04
-0.28,-0.13,-0.38,13.06,4.25,-22.69,-4.56,5.44,-3.12,-0.08,-0.27,9.8,99105.26,24.44,2024-11-19 17:05:04
-0.36,0.03,-0.13,13.06,4.25,-22.69,-3.56,5.87,-0.5,-0.11,-0.29,9.8,99105.41,24.44,2024-11-19 17:05:04
-0.33,0.01,-0.57,12.56,4.06,-23.5,-3.37,5.87,1.31,-0.14,-0.31,9.8,99105.41,24.44,2024-11-19 17:05:04
-0.23,-0.4,-0.66,12.56,4.06,-23.5,-8.0,9.81,2.37,-0.18,-0.34,9.79,99104.99,24.44,2024-11-19 17:05:04
-0.36,-0.35,0.03,13.38,4.37,-23.25,-10.81,9.13,2.94,-0.23,-0.39,9.79,99105.95,24.45,2024-11-19 17:05:04
0.01,-0.36,0.99,13.38,4.37,-23.25,-12.38,5.69,4.25,-0.25,-0.43,9.79,99105.95,24.44,2024-11-19 17:05:04
0.41,-0.19,0.37,13.0,3.69,-24.5,-11.13,1.31,4.5,-0.27,-0.49,9.79,99105.66,24.44,2024-11-19 17:05:04
0.25,-0.06,-0.09,13.0,4.56,-25.25,-13.69,3.56,1.75,-0.28,-0.55,9.78,99106.0,24.44,2024-11-19 17:05:04
0.02,-0.41,0.33,13.0,4.56,-25.25,-17.19,6.12,-0.06,-0.31,-0.63,9.78,99106.0,24.45,2024-11-19 17:05:04
-0.36,-0.3,2.18,13.25,4.87,-24.75,-14.25,6.56,-0.31,-0.33,-0.69,9.77,99106.41,24.45,2024-11-19 17:05:04
-0.01,0.27,1.89,13.25,4.87,-24.75,1.31,-0.06,3.25,-0.34,-0.7,9.77,99105.75,24.44,2024-11-19 17:05:04
0.25,0.17,0.57,13.56,5.37,-25.19,6.75,-3.94,5.19,-0.33,-0.67,9.77,99105.75,24.44,2024-11-19 17:05:04
0.26,-0.14,0.77,13.56,5.37,-25.19,5.5,-3.12,3.31,-0.31,-0.65,9.77,99105.25,24.44,2024-11-19 17:05:04
0.43,-0.71,0.06,11.69,4.37,-26.69,14.13,-2.94,1.44,-0.3,-0.59,9.78,99105.06,24.44,2024-11-19 17:05:04
0.21,-0.11,-1.08,11.69,4.37,-26.69,16.25,-1.37,-0.44,-0.29,-0.54,9.78,99105.06,24.44,2024-11-19 17:05:04
-0.23,0.69,0.95,11.88,3.0,-27.37,8.88,0.75,-2.0,-0.3,-0.48,9.78,99105.28,24.44,2024-11-19 17:05:04
-0.04,0.57,0.86,11.06,2.06,-28.5,9.56,-4.81,1.5,-0.28,-0.44,9.79,99105.19,24.44,2024-11-19 17:05:04
0.21,0.16,0.29,11.06,2.06,-28.5,11.31,-8.38,3.56,-0.26,-0.4,9.79,99105.19,24.44,2024-11-19 17:05:04
0.35,0.0,-0.5,10.0,1.75,-29.69,12.88,-6.87,2.44,-0.22,-0.34,9.79,99105.25,24.44,2024-11-19 17:05:04
0.35,-0.19,-1.13,10.0,1.75,-29.69,5.37,-4.5,-0.81,-0.19,-0.28,9.8,99105.14,24.44,2024-11-19 17:05:04
0.46,-1.07,-1.3,10.38,1.56,-30.5,1.31,-3.37,-3.12,-0.17,-0.27,9.8,99105.14,24.44,2024-11-19 17:05:04
0.02,-0.32,-0.83,10.38,1.56,-30.5,-3.75,0.37,-8.75,-0.17,-0.29,9.8,99105.21,24.44,2024-11-19 17:05:04
-0.18,-0.05,-0.26,9.5,-0.75,-30.19,-8.81,1.06,-8.25,-0.17,-0.32,9.79,99105.82,24.44,2024-11-19 17:05:05
-0.19,-0.22,0.0,9.5,-0.75,-30.19,-8.81,2.0,-7.12,-0.18,-0.36,9.79,99105.82,24.44,2024-11-19 17:05:05
0.0,-0.32,-0.3,10.06,-0.56,-31.69,-8.0,2.37,-5.0,-0.19,-0.41,9.79,99105.99,24.44,2024-11-19 17:05:05
0.34,-0.58,-0.61,8.88,0.37,-32.69,-7.12,3.56,-4.87,-0.2,-0.43,9.79,99105.62,24.44,2024-11-19 17:05:05
0.41,-0.16,-0.82,8.88,0.37,-32.69,-8.38,6.5,-6.75,-0.23,-0.47,9.79,99105.62,24.44,2024-11-19 17:05:05
0.31,0.12,-0.03,9.25,1.5,-34.38,-14.63,7.87,-6.87,-0.26,-0.54,9.78,99105.48,24.44,2024-11-19 17:05:05
0.37,-0.15,0.92,9.25,1.5,-34.38,-11.31,8.44,-4.81,-0.3,-0.6,9.78,99105.7,24.44,2024-11-19 17:05:05
0.4,0.77,0.99,8.88,0.88,-34.38,-8.5,6.81,-3.25,-0.33,-0.63,9.78,99105.7,24.44,2024-11-19 17:05:05
0.44,0.45,0.27,8.88,0.88,-34.38,-11.5,5.81,-1.37,-0.36,-0.68,9.77,99105.84,24.44,2024-11-19 17:05:05
0.37,-0.17,0.77,9.5,0.5,-35.25,-12.88,5.69,0.0,-0.38,-0.75,9.76,99105.53,24.44,2024-11-19 17:05:05
0.3,0.0,0.87,9.5,0.5,-35.25,-8.06,6.87,0.94,-0.41,-0.78,9.76,99105.53,24.44,2024-11-19 17:05:05
0.22,0.29,1.47,8.38,0.19,-34.38,-4.94,6.81,1.62,-0.45,-0.82,9.76,99105.0,24.44,2024-11-19 17:05:05
0.41,-0.26,1.95,7.87,0.5,-34.06,-0.19,2.25,0.5,-0.46,-0.81,9.76,99104.76,24.44,2024-11-19 17:05:05
0.1,0.17,-0.41,7.87,0.5,-34.06,5.81,0.75,-5.62,-0.46,-0.8,9.76,99104.76,24.44,2024-11-19 17:05:05
-0.72,-0.01,-0.36,8.69,-0.75,-34.5,0.0,1.56,-10.56,-0.46,-0.79,9.76,99104.88,24.44,2024-11-19 17:05:05
-0.91,-0.04,0.28,8.69,-0.75,-34.5,5.87,-1.5,-9.19,-0.46,-0.78,9.76,99104.91,24.44,2024-11-19 17:05:05
-0.82,0.63,0.07,8.88,-0.19,-34.88,7.81,-5.69,-6.37,-0.44,-0.75,9.76,99104.91,24.44,2024-11-19 17:05:05
-0.45,0.39,0.3,8.88,-0.19,-34.88,3.31,-10.81,-2.69,-0.4,-0.73,9.77,99104.68,24.44,2024-11-19 17:05:05
-0.3,0.0,0.67,6.5,-2.56,-34.5,5.69,-17.06,-1.81,-0.29,-0.7,9.77,99104.84,24.44,2024-11-19 17:05:05
0.0,0.13,-0.4,5.37,-3.25,-35.38,13.56,-20.5,-2.06,-0.22,-0.65,9.78,99104.84,24.44,2024-11-19 17:05:05
0.05,-0.27,-1.3,5.37,-3.25,-35.38,14.56,-17.69,-3.44,-0.13,-0.58,9.78,99105.52,24.44,2024-11-19 17:05:05
-0.2,-0.33,-1.07,4.69,-3.5,-37.25,15.31,-14.81,-4.62,-0.05,-0.51,9.79,99105.87,24.44,2024-11-19 17:05:05
-0.23,0.01,-0.9,4.69,-3.5,-37.25,19.87,-12.5,-4.62,-0.01,-0.45,9.79,99105.87,24.44,2024-11-19 17:05:05
-0.51,0.75,-1.09,4.56,-4.37,-38.19,22.56,-8.94,-2.25,0.05,-0.3,9.8,99105.99,24.44,2024-11-19 17:05:05
-0.53,0.41,-2.1,4.56,-4.37,-38.19,14.75,-4.25,2.87,0.06,-0.25,9.8,99105.69,24.44,2024-11-19 17:05:05
-0.42,-0.48,-1.45,3.0,-6.69,-39.69,8.25,4.94,7.56,0.06,-0.2,9.8,99105.69,24.44,2024-11-19 17:05:05
-0.29,-0.31,-0.66,2.87,-8.0,-41.25,10.0,10.69,10.31,0.01,-0.15,9.8,99105.12,24.44,2024-11-19 17:05:05
-0.07,0.58,-0.1,2.87,-8.0,-41.25,3.0,14.44,14.38,-0.05,-0.12,9.8,99104.65,24.44,2024-11-19 17:05:05
0.03,-0.19,0.13,2.75,-9.19,-41.88,-7.37,17.44,14.94,-0.1,-0.13,9.8,99104.65,24.44,2024-11-19 17:05:05
0.16,-0.94,1.13,2.75,-9.19,-41.88,-14.94,19.25,11.69,-0.19,-0.2,9.8,99105.41,24.44,2024-11-19 17:05:05
-0.01,-0.47,1.17,4.87,-8.75,-43.0,-14.56,16.12,10.31,-0.28,-0.27,9.79,99105.38,24.44,2024-11-19 17:05:05
-0.33,-0.28,1.17,4.87,-8.75,-43.0,-22.25,12.94,9.88,-0.35,-0.36,9.79,99105.38,24.45,2024-11-19 17:05:05
-0.79,-0.21,2.38,5.37,-8.5,-43.06,-28.69,11.0,12.06,-0.39,-0.45,9.78,99106.32,24.45,2024-11-19 17:05:05
0.5,-1.31,1.62,5.37,-8.5,-43.06,-24.5,3.75,15.25,-0.43,-0.58,9.77,99106.03,24.45,2024-11-19 17:05:05
1.08,-1.63,0.7,5.56,-8.06,-44.06,-23.31,1.0,10.69,-0.43,-0.7,9.77,99106.03,24.45,2024-11-19 17:05:05
0.68,-0.9,0.59,5.56,-8.06,-44.06,-23.12,-2.5,-5.44,-0.42,-0.82,9.76,99106.09,24.45,2024-11-19 17:05:06
0.06,1.0,0.72,6.87,-7.87,-44.56,-16.62,-4.0,-5.94,-0.4,-0.91,9.75,99105.58,24.45,2024-11-19 17:05:06
-0.02,1.0,0.64,7.06,-6.19,-43.38,-13.81,-5.69,-4.19,-0.38,-0.96,9.75,99105.58,24.45,2024-11-19 17:05:06
0.16,0.75,-0.42,7.06,-6.19,-43.38,-7.62,-9.44,0.75,-0.34,-1.01,9.74,99105.7,24.45,2024-11-19 17:05:06
0.47,-0.52,-1.1,6.75,-6.06,-43.5,-3.19,-5.31,4.37,-0.29,-1.04,9.74,99105.66,24.44,2024-11-19 17:05:06
0.22,-0.8,0.31,6.75,-6.06,-43.5,-2.31,-3.44,2.94,-0.28,-1.05,9.74,99105.66,24.44,2024-11-19 17:05:06
0.19,0.55,-0.45,5.5,-5.87,-43.19,-2.94,-8.44,1.62,-0.25,-1.05,9.74,99104.95,24.44,2024-11-19 17:05:06
0.03,-0.37,-1.09,4.87,-7.75,-42.56,-17.06,-8.25,2.69,-0.21,-1.11,9.74,99105.3,24.44,2024-11-19 17:05:06
-0.02,-0.57,-0.63,4.87,-7.75,-42.56,-15.0,-4.06,4.56,-0.18,-1.2,9.73,99105.3,24.43,2024-11-19 17:05:06
0.08,0.7,-1.09,5.0,-8.69,-43.38,-8.44,-5.06,7.37,-0.17,-1.25,9.72,99105.56,24.43,2024-11-19 17:05:06
0.4,0.65,-0.71,5.0,-8.69,-43.38,-10.56,-7.31,7.06,-0.14,-1.3,9.71,99105.77,24.43,2024-11-19 17:05:06
0.72,-0.57,-1.04,4.5,-7.37,-43.06,-11.56,-8.13,4.37,-0.1,-1.35,9.71,99105.77,24.43,2024-11-19 17:05:06
0.26,-1.0,-0.68,4.5,-7.37,-43.06,-7.06,-2.81,-2.5,-0.09,-1.38,9.7,99106.41,24.43,2024-11-19 17:05:06
-0.38,-0.13,-0.24,4.69,-8.0,-42.88,-0.56,0.81,-5.19,-0.09,-1.39,9.7,99106.25,24.44,2024-11-19 17:05:06
-0.19,-0.34,0.43,4.69,-8.0,-42.88,1.25,2.5,-3.44,-0.09,-1.39,9.7,99106.25,24.44,2024-11-19 17:05:06
0.14,-0.9,0.81,4.19,-8.5,-41.0,8.13,4.94,-2.81,-0.11,-1.34,9.71,99105.93,24.44,2024-11-19 17:05:06
1.15,-0.32,0.9,3.06,-10.25,-41.06,12.25,3.81,-9.38,-0.13,-1.28,9.72,99106.09,24.44,2024-11-19 17:05:06
1.01,-0.61,0.03,3.06,-10.25,-41.06,6.37,1.37,-15.81,-0.12,-1.26,9.72,99106.09,24.44,2024-11-19 17:05:06
0.35,-1.24,1.62,3.56,-10.56,-41.5,12.56,2.12,-17.94,-0.12,-1.22,9.72,99106.0,24.44,2024-11-19 17:05:06
0.13,-0.06,2.13,3.56,-10.56,-41.5,29.37,1.44,-17.75,-0.12,-1.1,9.74,99105.8,24.44,2024-11-19 17:05:06
-0.17,0.84,2.67,4.37,-11.69,-41.38,32.19,-3.25,-13.38,-0.1,-0.94,9.76,99105.8,24.44,2024-11-19 17:05:06
-0.51,1.82,0.98,2.37,-13.56,-40.88,23.0,-8.38,-1.94,-0.07,-0.81,9.77,99106.56,24.44,2024-11-19 17:05:06
0.31,-0.76,-2.37,2.37,-13.56,-40.88,8.25,-0.75,2.25,-0.05,-0.74,9.77,99105.98,24.44,2024-11-19 17:05:06
-0.16,-0.05,-0.88,2.75,-15.06,-41.75,10.69,9.5,1.31,-0.07,-0.71,9.77,99105.98,24.44,2024-11-19 17:05:06
-0.46,2.34,0.11,2.75,-15.06,-41.75,17.44,16.12,4.31,-0.15,-0.63,9.78,99105.7,24.44,2024-11-19 17:05:06
-0.66,1.78,0.46,3.06,-15.88,-41.56,3.69,10.63,11.31,-0.21,-0.58,9.78,99105.48,24.44,2024-11-19 17:05:06
-0.34,0.53,0.64,3.06,-15.88,-41.56,-4.69,7.44,16.69,-0.26,-0.6,9.78,99105.48,24.43,2024-11-19 17:05:06
0.39,-0.75,0.2,2.56,-18.0,-41.75,4.19,3.31,13.13,-0.29,-0.59,9.78,99105.22,24.43,2024-11-19 17:05:06
0.03,0.19,-0.98,2.56,-18.0,-41.75,3.06,1.56,7.81,-0.3,-0.58,9.78,99105.62,24.44,2024-11-19 17:05:06
-0.41,0.24,0.05,3.06,-17.0,-43.25,-4.87,-2.31,3.0,-0.29,-0.59,9.78,99105.62,24.44,2024-11-19 17:05:06
-0.48,0.13,-0.32,3.06,-17.0,-43.25,-4.94,-11.06,2.37,-0.26,-0.62,9.78,99105.94,24.44,2024-11-19 17:05:06
-0.68,0.21,-0.28,2.37,-17.19,-42.88,-3.69,-12.69,3.0,-0.2,-0.64,9.78,99105.38,24.44,2024-11-19 17:05:06
-0.13,-0.26,-0.71,2.19,-17.0,-42.0,-2.31,-12.63,2.75,-0.16,-0.65,9.78,99105.38,24.44,2024-11-19 17:05:06
0.02,-0.69,-1.03,2.19,-17.0,-42.0,-3.75,-7.25,-1.87,-0.11,-0.67,9.78,99105.36,24.44,2024-11-19 17:05:06
-0.22,-0.38,0.19,1.19,-17.37,-44.38,1.94,-5.5,-4.56,-0.08,-0.67,9.78,99105.27,24.45,2024-11-19 17:05:06
0.07,-0.24,-0.66,1.19,-17.37,-44.38,1.75,-5.87,-6.87,-0.06,-0.66,9.78,99105.27,24.45,2024-11-19 17:05:06
-0.09,-0.56,-0.31,1.25,-17.06,-43.0,-5.06,-2.62,-9.31,-0.04,-0.68,9.78,99104.64,24.45,2024-11-19 17:05:07
-0.39,-0.18,0.42,1.25,-17.06,-43.0,-1.06,-0.62,-7.62,-0.03,-0.69,9.78,99104.13,24.45,2024-11-19 17:05:07
-0.29,0.34,0.01,0.56,-17.06,-42.25,-4.56,-2.0,-2.69,-0.02,-0.7,9.78,99104.13,24.45,2024-11-19 17:05:07
-0.22,-0.61,0.36,0.56,-17.06,-42.25,-13.75,-0.25,0.81,-0.02,-0.76,9.77,99104.39,24.45,2024-11-19 17:05:07
-0.35,-1.06,0.74,0.88,-16.69,-41.19,-13.44,0.25,3.94,-0.02,-0.83,9.77,99104.2,24.45,2024-11-19 17:05:07
-0.4,-0.85,0.74,0.06,-16.75,-41.69,-14.44,-0.62,5.87,-0.02,-0.87,9.76,99104.2,24.44,2024-11-19 17:05:07
-0.23,-0.71,2.18,0.06,-16.75,-41.69,-13.06,-4.56,8.63,-0.01,-0.94,9.76,99104.91,24.44,2024-11-19 17:05:07
0.27,-0.19,1.28,0.37,-14.88,-42.06,-8.44,-7.56,10.63,0.01,-0.99,9.75,99104.63,24.44,2024-11-19 17:05:07
0.33,0.71,1.11,0.37,-14.88,-42.06,-4.69,-4.19,12.63,0.04,-1.02,9.75,99104.63,24.44,2024-11-19 17:05:07
0.6,1.43,0.0,-1.19,-15.5,-39.88,-5.56,-1.56,14.88,0.04,-1.04,9.75,99104.97,24.44,2024-11-19 17:05:07
0.96,0.11,-1.11,-1.19,-15.5,-39.88,-7.69,3.5,13.44,0.02,-1.08,9.74,99104.98,24.44,2024-11-19 17:05:07
0.24,0.24,-0.73,-1.56,-15.25,-40.69,-9.94,11.0,8.56,-0.01,-1.11,9.74,99104.98,24.44,2024-11-19 17:05:07
-0.11,1.08,0.57,-0.5,-14.06,-40.19,-9.81,8.63,11.25,-0.07,-1.16,9.73,99105.68,24.44,2024-11-19 17:05:07
0.69,0.25,0.32,-0.5,-14.06,-40.19,-11.75,2.87,12.06,-0.1,-1.22,9.72,99105.22,24.44,2024-11-19 17:05:07
0.66,-0.2,0.34,-0.56,-12.19,-39.88,-12.94,0.75,8.56,-0.11,-1.26,9.72,99105.22,24.44,2024-11-19 17:05:07
0.28,-0.58,0.11,-0.56,-12.19,-39.88,-7.81,-1.19,2.87,-0.11,-1.31,9.71,99105.34,24.44,2024-11-19 17:05:07
0.21,-0.29,-0.32,-1.19,-11.19,-39.56,-1.56,-4.56,0.5,-0.08,-1.33,9.71,99104.88,24.44,2024-11-19 17:05:07
0.18,-0.05,-0.6,-1.19,-11.19,-39.56,-0.94,-8.25,-0.37,-0.05,-1.33,9.71,99104.88,24.43,2024-11-19 17:05:07
0.38,0.01,-0.35,-0.69,-10.25,-38.56,0.69,-9.56,-1.0,-0.01,-1.33,9.71,99105.44,24.43,2024-11-19 17:05:07
0.22,-0.3,-0.76,-2.19,-11.5,-39.69,4.06,-11.06,-1.19,0.04,-1.32,9.71,99105.11,24.43,2024-11-19 17:05:07
0.1,-0.33,-0.58,-2.19,-11.5,-39.69,6.31,-9.63,-1.12,0.08,-1.31,9.71,99105.11,24.43,2024-11-19 17:05:07
0.62,-0.38,-0.88,-2.25,-11.0,-38.88,10.56,-5.69,-2.31,0.13,-1.28,9.72,99105.09,24.43,2024-11-19 17:05:07
0.19,-0.54,-0.36,-2.25,-11.0,-38.88,10.75,0.37,-5.31,0.14,-1.22,9.72,99105.31,24.43,2024-11-19 17:05:07
-0.09,-0.38,-0.16,-2.75,-10.5,-40.06,11.63,2.56,-4.87,0.13,-1.19,9.73,99105.31,24.43,2024-11-19 17:05:07
0.3,-0.33,-0.64,-2.75,-10.5,-40.06,10.06,3.0,-3.06,0.12,-1.12,9.74,99105.84,24.43,2024-11-19 17:05:07
0.2,-0.57,-0.36,-3.56,-10.19,-38.25,1.69,6.31,-3.06,0.09,-1.1,9.74,99106.01,24.43,2024-11-19 17:05:07
0.61,-0.17,1.36,-3.56,-10.19,-38.25,1.87,3.56,-2.62,0.08,-1.1,9.74,99106.01,24.43,2024-11-19 17:05:07
0.82,-0.26,0.98,-3.69,-10.19,-39.0,2.0,-3.75,-3.75,0.08,-1.09,9.74,99105.63,24.43,2024-11-19 17:05:07
0.78,-0.51,0.34,-3.69,-10.19,-39.0,-1.87,-9.13,-6.87,0.12,-1.09,9.74,99105.75,24.43,2024-11-19 17:05:07
0.53,-0.98,0.3,-3.5,-10.25,-39.0,-2.31,-9.44,-8.56,0.16,-1.09,9.74,99105.75,24.43,2024-11-19 17:05:07
-0.05,-0.78,0.38,-3.5,-9.88,-38.56,0.88,-6.75,-8.19,0.2,-1.09,9.74,99106.09,24.43,2024-11-19 17:05:07
-0.15,-0.14,1.21,-3.5,-9.88,-38.56,4.62,-3.5,-4.75,0.23,-1.08,9.74,99105.9,24.44,2024-11-19 17:05:07
0.09,0.12,1.52,-5.25,-9.56,-37.06,6.69,-2.25,-2.81,0.24,-1.06,9.74,99105.9,24.43,2024-11-19 17:05:07
0.15,0.54,0.93,-5.25,-9.56,-37.06,9.63,-0.62,-1.25,0.25,-1.01,9.75,99105.29,24.43,2024-11-19 17:05:07
0.29,0.79,-0.72,-4.69,-8.5,-37.06,9.31,4.62,-0.56,0.22,-0.95,9.75,99105.38,24.44,2024-11-19 17:05:07
0.05,0.83,-0.69,-4.69,-8.5,-37.06,7.87,14.5,-1.06,0.18,-0.92,9.76,99105.38,24.44,2024-11-19 17:05:08
-0.28,1.4,0.06,-5.25,-9.5,-37.75,9.69,20.44,-0.37,0.09,-0.88,9.76,99105.6,24.44,2024-11-19 17:05:08
-0.12,0.85,0.66,-5.25,-9.5,-37.75,3.37,13.75,2.06,0.0,-0.85,9.76,99105.51,24.44,2024-11-19 17:05:08
0.1,0.11,1.04,-4.19,-8.75,-36.69,0.75,6.5,2.56,-0.01,-0.85,9.76,99105.51,24.44,2024-11-19 17:05:08
-0.28,-0.05,0.38,-1.87,-8.88,-36.5,1.62,-2.06,1.0,-0.02,-0.84,9.77,99105.48,24.44,2024-11-19 17:05:08
-0.11,-0.02,-0.49,-1.87,-8.88,-36.5,-0.13,-5.87,-0.94,0.0,-0.83,9.77,99105.77,24.44,2024-11-19 17:05:08
0.27,-0.38,-0.78,-2.87,-9.0,-36.5,-2.94,-5.62,-3.94,0.02,-0.84,9.77,99105.77,24.44,2024-11-19 17:05:08
-0.53,0.14,-0.74,-2.87,-9.0,-36.5,-1.25,-3.25,-6.5,0.04,-0.85,9.76,99105.74,24.44,2024-11-19 17:05:08
-0.53,0.58,-0.5,-4.25,-8.0,-36.75,3.31,-0.62,-3.06,0.05,-0.84,9.76,99106.05,24.44,2024-11-19 17:05:08
-0.23,0.26,-0.05,-4.25,-8.0,-36.75,1.31,-0.56,-0.56,0.05,-0.84,9.77,99106.05,24.44,2024-11-19 17:05:08
-0.25,-0.26,-0.2,-3.5,-8.38,-35.75,-0.44,-1.25,2.81,0.06,-0.84,9.77,99106.23,24.44,2024-11-19 17:05:08
-0.08,-0.78,-0.36,-3.5,-8.38,-35.75,0.88,-0.56,3.12,0.06,-0.83,9.77,99106.57,24.44,2024-11-19 17:05:08
0.09,-0.44,-0.36,-4.19,-8.38,-36.75,2.44,0.94,1.0,0.06,-0.82,9.77,99106.57,24.44,2024-11-19 17:05:08
-0.13,-0.33,-0.64,-4.19,-7.25,-36.5,-1.44,1.69,-1.44,0.05,-0.82,9.77,99106.59,24.44,2024-11-19 17:05:08
-0.34,-0.32,-0.4,-4.19,-7.25,-36.5,-7.81,1.0,-1.44,0.04,-0.85,9.76,99106.67,24.44,2024-11-19 17:05:08
-0.46,-0.16,0.4,-4.19,-6.87,-36.0,-9.13,-1.81,1.06,0.05,-0.88,9.76,99106.67,24.44,2024-11-19 17:05:08
-0.29,0.0,0.33,-4.19,-6.87,-36.0,-9.19,-7.87,5.37,0.08,-0.93,9.76,99106.35,24.44,2024-11-19 17:05:08
-0.06,-0.25,0.06,-4.06,-5.75,-35.88,-12.5,-9.38,7.62,0.12,-0.98,9.75,99105.91,24.44,2024-11-19 17:05:08
-0.11,-0.49,0.06,-4.06,-5.75,-35.88,-13.5,-8.44,7.44,0.14,-1.03,9.75,99105.91,24.45,2024-11-19 17:05:08
-0.19,-0.88,0.2,-4.75,-5.06,-35.56,-12.63,-4.5,5.87,0.17,-1.11,9.74,99106.16,24.45,2024-11-19 17:05:08
-0.11,-1.11,1.79,-4.75,-5.06,-35.56,-6.25,-0.62,3.94,0.17,-1.14,9.73,99106.27,24.44,2024-11-19 17:05:08
0.05,-1.03,2.25,-4.75,-4.37,-34.88,4.69,-3.5,2.31,0.18,-1.14,9.73,99106.27,24.44,2024-11-19 17:05:08
0.08,0.17,1.02,-5.0,-3.87,-35.0,8.13,-6.37,2.06,0.21,-1.1,9.74,99106.23,24.44,2024-11-19 17:05:08
0.03,0.81,0.39,-5.0,-3.87,-35.0,5.44,-4.56,5.44,0.24,-1.07,9.74,99106.16,24.44,2024-11-19 17:05:08
0.28,0.69,-0.53,-5.5,-3.87,-35.56,6.69,-1.87,7.37,0.24,-1.05,9.74,99106.16,24.44,2024-11-19 17:05:08
0.53,0.76,-0.01,-5.5,-3.87,-35.56,10.75,3.44,8.44,0.23,-1.0,9.75,99105.65,24.44,2024-11-19 17:05:08
0.36,1.0,-0.05,-6.56,-3.5,-36.06,13.19,5.25,9.88,0.2,-0.94,9.75,99105.48,24.44,2024-11-19 17:05:08
0.1,1.62,0.06,-6.56,-3.5,-36.06,9.44,5.69,10.81,0.18,-0.91,9.76,99105.48,24.44,2024-11-19 17:05:08
0.73,0.45,0.19,-5.56,-4.25,-37.0,1.12,6.12,10.63,0.13,-0.89,9.76,99105.42,24.44,2024-11-19 17:05:08
0.59,-0.4,0.51,-5.56,-4.25,-37.0,0.31,4.75,6.19,0.11,-0.89,9.76,99105.67,24.44,2024-11-19 17:05:08
0.11,0.15,-0.02,-6.0,-3.87,-35.69,9.13,2.87,1.87,0.09,-0.85,9.76,99105.67,24.43,2024-11-19 17:05:08
-0.04,0.32,-0.38,-6.56,-4.37,-35.25,2.37,2.19,1.62,0.08,-0.83,9.77,99105.16,24.43,2024-11-19 17:05:08
-0.17,-0.45,-0.35,-6.56,-4.37,-35.25,-2.12,3.37,1.06,0.07,-0.84,9.77,99105.8,24.43,2024-11-19 17:05:08
-0.07,-0.61,-0.11,-5.87,-4.06,-36.38,-1.75,3.5,0.37,0.06,-0.84,9.76,99105.8,24.43,2024-11-19 17:05:08
0.34,-0.06,-0.06,-5.87,-4.06,-36.38,0.5,1.31,-2.06,0.04,-0.84,9.76,99106.11,24.43,2024-11-19 17:05:08
0.23,0.28,-0.13,-4.87,-4.06,-36.38,-2.25,-1.75,-4.44,0.05,-0.85,9.76,99106.09,24.43,2024-11-19 17:05:08
