a_x,a_y,a_z,m_x,m_y,m_z,omega_x,omega_y,omega_z,g_x,g_y,g_z,pressure,temperature
-0.65,-8.64,-4.75,-5.87,22.56,-7.75,0.88,-0.37,0.94,-0.63,-8.60,-4.66,100731.87,26.06
-0.67,-8.67,-4.73,-5.87,22.56,-7.75,1.87,-0.31,0.69,-0.64,-8.60,-4.65,100731.50,26.06
-0.70,-8.66,-4.68,-5.87,22.19,-7.37,1.75,-0.50,0.13,-0.64,-8.61,-4.64,100731.20,26.06
-0.72,-8.67,-4.71,-5.87,22.19,-7.37,1.44,-0.44,-0.25,-0.64,-8.61,-4.64,100731.20,26.06
-0.73,-8.67,-4.71,-5.75,22.56,-7.75,0.56,-0.31,-1.06,-0.63,-8.61,-4.64,100731.44,26.06
-0.70,-8.66,-4.67,-5.75,22.56,-7.75,0.81,-0.81,-1.56,-0.63,-8.61,-4.63,100730.99,26.06
-0.64,-8.59,-4.69,-4.37,24.00,-9.25,1.81,-1.62,-1.19,-0.63,-8.61,-4.63,100730.99,26.06
-0.55,-8.57,-4.71,-4.37,24.00,-9.25,2.69,-2.12,-0.37,-0.63,-8.62,-4.62,100730.63,26.06
-0.52,-8.54,-4.70,-4.87,22.00,-7.75,1.94,-1.37,-0.37,-0.63,-8.63,-4.61,100730.54,26.05
-0.51,-8.57,-4.70,-5.87,23.06,-8.19,0.88,-0.69,-0.37,-0.63,-8.63,-4.60,100730.54,26.05
-0.57,-8.54,-4.66,-5.87,23.06,-8.19,0.75,-0.19,-0.44,-0.63,-8.63,-4.60,100730.95,26.05
-0.63,-8.56,-4.59,-4.06,22.69,-8.19,1.37,-0.06,-0.44,-0.63,-8.63,-4.59,100731.41,26.04
-0.65,-8.60,-4.61,-4.06,22.69,-8.19,1.37,0.00,-0.50,-0.63,-8.64,-4.59,100731.41,26.04
-0.57,-8.59,-4.60,-4.87,22.25,-9.25,-0.13,0.50,-0.81,-0.63,-8.64,-4.59,100731.40,26.04
-0.51,-8.63,-4.46,-4.87,22.25,-9.25,-0.81,1.12,-1.06,-0.62,-8.63,-4.59,100731.39,26.03
-0.51,-8.69,-4.34,-5.25,23.37,-9.25,-0.06,1.31,-1.06,-0.62,-8.63,-4.59,100731.39,26.03
-0.47,-8.76,-4.34,-4.75,23.37,-8.19,-2.31,1.12,-0.88,-0.61,-8.64,-4.59,100731.58,26.03
-0.39,-8.84,-4.62,-4.75,23.37,-8.19,-8.00,0.75,-1.00,-0.60,-8.62,-4.62,100731.75,26.02
-0.17,-8.78,-4.85,-4.37,22.69,-8.06,-10.69,1.31,-1.62,-0.59,-8.61,-4.64,100731.75,26.02
-0.08,-8.72,-4.85,-4.37,22.69,-8.06,-9.94,1.81,-0.94,-0.58,-8.58,-4.69,100731.09,26.02
-0.01,-8.69,-4.83,-5.75,22.00,-7.25,-7.19,0.69,2.50,-0.56,-8.56,-4.73,100731.06,26.02
0.04,-8.71,-4.93,-5.75,22.00,-7.25,-7.06,0.88,3.62,-0.54,-8.55,-4.75,100731.06,26.02
0.20,-8.72,-4.69,-5.25,22.25,-6.87,-6.37,2.31,2.69,-0.52,-8.54,-4.78,100730.54,26.02
0.04,-8.62,-4.17,-5.25,22.25,-6.87,4.62,4.06,-1.81,-0.51,-8.54,-4.78,100730.53,26.02
-0.19,-8.49,-3.78,-5.50,22.37,-7.19,7.00,3.06,-2.44,-0.49,-8.55,-4.76,100730.53,26.02
-0.34,-8.65,-3.90,-5.50,22.37,-7.19,-1.94,-1.12,-4.25,-0.48,-8.56,-4.75,100730.49,26.02
-0.52,-8.72,-4.09,-4.75,22.37,-6.75,-19.00,-0.56,-7.37,-0.45,-8.52,-4.81,100730.30,26.02
-0.48,-8.96,-4.10,-6.19,22.87,-6.00,-14.50,1.81,-8.75,-0.42,-8.51,-4.85,100730.30,26.01
-0.79,-8.50,-3.56,-6.19,22.87,-6.00,8.38,3.94,-4.12,-0.40,-8.54,-4.79,100730.26,26.01
-0.97,-8.92,-4.24,-7.00,23.00,-6.25,8.31,0.50,0.31,-0.39,-8.56,-4.75,100730.52,26.01
-0.91,-8.93,-4.06,-7.00,23.00,-6.25,-1.44,-0.37,2.00,-0.39,-8.57,-4.74,100730.52,26.01
-0.85,-8.82,-3.91,-4.75,22.75,-6.69,-10.25,0.75,2.75,-0.45,-8.58,-4.72,100730.92,26.01
-0.74,-8.86,-3.75,-4.75,22.75,-6.69,-8.13,2.12,3.94,-0.49,-8.59,-4.69,100730.52,26.01
-0.70,-8.87,-3.77,-5.50,22.69,-7.06,-5.94,2.94,3.94,-0.51,-8.60,-4.67,100730.52,26.01
-0.88,-8.89,-3.84,-5.50,22.69,-7.06,-10.63,1.25,3.37,-0.54,-8.61,-4.64,100730.79,26.01
-0.90,-8.86,-3.78,-6.56,22.69,-6.25,-10.25,-2.94,2.50,-0.59,-8.62,-4.62,100730.69,26.01
-0.59,-8.74,-3.72,-6.56,22.69,-6.25,-2.37,-4.12,1.81,-0.61,-8.63,-4.60,100730.69,26.01
-0.54,-8.73,-3.53,-5.50,23.06,-6.56,8.06,-1.56,2.69,-0.63,-8.64,-4.57,100730.19,26.01
-0.60,-8.86,-3.28,-5.19,22.69,-5.06,5.25,0.88,4.37,-0.64,-8.66,-4.54,100730.88,26.01
-0.56,-9.08,-3.23,-5.19,22.69,-5.06,-0.06,2.12,6.00,-0.66,-8.66,-4.54,100730.88,26.01
-0.49,-9.40,-3.38,-4.75,22.75,-5.37,-5.06,4.06,7.19,-0.68,-8.65,-4.56,100731.55,26.01
-0.64,-9.77,-3.67,-4.75,22.75,-5.37,-2.44,6.25,6.06,-0.70,-8.64,-4.58,100731.20,26.01
-0.83,-10.12,-3.94,-4.75,23.25,-6.06,2.31,8.19,3.12,-0.69,-8.64,-4.58,100731.20,26.01
-0.95,-10.25,-4.00,-4.75,23.25,-6.06,8.31,8.88,-0.13,-0.68,-8.65,-4.55,100731.66,26.01
-1.24,-10.54,-4.34,-4.75,22.87,-7.75,13.19,8.25,-2.56,-0.65,-8.68,-4.50,100732.71,26.01
-1.24,-10.96,-4.54,-4.75,22.87,-7.75,16.12,8.56,-5.12,-0.62,-8.70,-4.46,100732.71,26.01
-1.08,-10.67,-4.36,-4.87,23.19,-6.50,25.44,10.56,-9.25,-0.57,-8.76,-4.37,100732.80,26.01
-1.06,-9.87,-4.41,-5.87,23.56,-6.56,34.56,11.38,-7.62,-0.50,-8.83,-4.22,100732.18,26.01
-1.19,-9.38,-4.41,-5.87,23.56,-6.56,31.19,9.44,-2.94,-0.47,-8.89,-4.09,100732.18,26.01
-1.12,-8.48,-4.53,-7.37,23.56,-8.38,14.63,4.37,7.00,-0.48,-8.92,-4.04,100732.39,26.01
-0.99,-8.22,-4.86,-7.37,23.56,-8.38,-0.31,-0.37,17.25,-0.57,-8.92,-4.02,100732.74,26.00
-0.76,-8.50,-5.34,-5.50,23.87,-7.75,-7.87,-1.75,23.31,-0.64,-8.90,-4.04,100732.74,26.00
-0.38,-8.33,-5.25,-5.50,23.87,-7.75,-1.56,1.31,17.75,-0.73,-8.89,-4.07,100732.23,26.00
-0.13,-7.98,-5.11,-5.06,23.56,-8.75,17.06,5.37,7.12,-0.77,-8.90,-4.02,100732.06,25.99
-0.11,-7.79,-4.73,-5.06,23.56,-8.75,23.06,8.31,-0.06,-0.77,-8.93,-3.96,100732.06,25.99
-0.11,-7.37,-4.07,-5.37,24.75,-8.75,14.19,8.38,-7.50,-0.72,-8.97,-3.87,100731.22,25.99
0.05,-7.52,-3.87,-5.25,25.69,-9.38,-6.06,2.62,-5.37,-0.68,-8.98,-3.87,100731.36,25.99
0.10,-7.79,-3.96,-5.25,25.69,-9.38,-17.81,0.44,-2.69,-0.67,-8.94,-3.95,100731.36,25.99
0.03,-7.89,-3.90,-5.69,25.06,-7.75,-21.50,2.06,-2.75,-0.66,-8.91,-4.02,100731.22,25.99
-0.04,-8.01,-4.00,-5.69,25.06,-7.75,-10.69,4.00,0.37,-0.62,-8.88,-4.11,100731.45,25.99
-0.25,-8.34,-3.95,-6.50,25.06,-7.00,-3.12,4.69,2.56,-0.61,-8.87,-4.13,100731.45,25.99
-0.16,-8.55,-3.84,-6.50,25.06,-7.00,-3.31,4.56,1.50,-0.61,-8.86,-4.14,100731.34,25.99
-0.03,-8.62,-3.79,-6.00,24.19,-7.25,-3.69,5.12,-0.44,-0.60,-8.85,-4.16,100731.08,25.98
-0.07,-8.82,-3.86,-6.37,25.00,-8.19,-0.31,5.00,-2.31,-0.55,-8.86,-4.16,100731.08,25.98
-0.29,-9.02,-3.89,-6.37,25.00,-8.19,1.37,3.44,-3.50,-0.53,-8.86,-4.15,100731.69,25.98
-0.36,-9.43,-4.26,-6.50,24.56,-7.19,-1.19,0.88,-3.87,-0.51,-8.86,-4.15,100731.57,25.97
-0.26,-9.77,-4.75,-6.50,24.56,-7.19,-1.12,0.62,-4.81,-0.49,-8.86,-4.16,100731.57,25.97
-0.42,-10.03,-4.95,-6.75,25.69,-7.06,3.06,-0.06,-5.75,-0.46,-8.87,-4.14,100732.30,25.97
-0.50,-10.60,-5.29,-6.75,25.69,-7.06,12.06,-0.94,-9.38,-0.42,-8.89,-4.10,100732.59,25.97
-0.27,-10.55,-5.32,-7.06,26.00,-7.56,16.44,0.44,-13.56,-0.39,-8.91,-4.05,100732.59,25.97
-0.59,-9.85,-4.74,-6.50,25.25,-8.56,25.62,0.00,-16.87,-0.31,-8.96,-3.95,100732.13,25.97
-0.85,-9.05,-4.56,-6.50,25.25,-8.56,23.50,-11.38,-13.00,-0.24,-9.04,-3.79,100732.59,25.96
-0.31,-8.69,-4.35,-8.38,25.69,-8.56,13.63,-15.44,-12.13,-0.22,-9.06,-3.74,100732.59,25.96
0.25,-8.41,-4.01,-8.38,25.69,-8.56,5.31,-12.19,-13.88,-0.18,-9.07,-3.70,100732.95,25.96
-0.03,-8.06,-4.08,-8.56,26.25,-8.75,6.50,-6.19,-13.31,-0.14,-9.08,-3.67,100732.81,25.96
-0.70,-7.75,-4.17,-8.56,26.25,-8.75,0.37,-5.62,-10.69,-0.11,-9.09,-3.67,100732.81,25.95
-1.16,-7.49,-4.47,-8.25,26.25,-10.06,-16.62,-10.13,-4.87,-0.09,-9.07,-3.72,100732.41,25.95
-0.89,-7.52,-4.84,-8.56,27.19,-9.88,-22.81,-14.50,-1.50,-0.11,-9.01,-3.85,100732.48,25.96
-0.19,-7.90,-4.75,-8.56,27.19,-9.88,-16.62,-13.19,-4.69,-0.12,-8.99,-3.90,100732.48,25.96
0.08,-7.91,-4.23,-9.38,27.25,-8.06,-6.75,-7.69,-11.19,-0.10,-8.97,-3.95,100733.18,25.96
0.39,-7.80,-3.36,-8.88,27.00,-7.50,0.37,-4.06,-12.00,-0.03,-8.97,-3.96,100733.07,25.95
0.40,-7.89,-3.29,-8.88,27.00,-7.50,-1.94,-3.56,-8.94,0.00,-8.96,-3.97,100733.07,25.95
0.35,-8.12,-3.30,-9.00,27.37,-8.38,-8.50,-3.25,-3.75,0.00,-8.94,-4.00,100733.57,25.95
0.37,-8.60,-3.40,-9.00,27.37,-8.38,-7.06,-2.87,3.00,0.00,-8.93,-4.04,100733.66,25.95
0.34,-9.33,-3.64,-10.19,27.50,-7.37,-0.81,-1.75,5.00,-0.02,-8.92,-4.05,100733.66,25.95
0.04,-10.27,-4.01,-10.19,27.50,-7.37,6.25,1.12,7.81,-0.05,-8.93,-4.03,100733.83,25.95
-0.43,-10.92,-4.38,-9.25,28.50,-7.19,5.25,2.62,12.06,-0.09,-8.94,-4.00,100733.34,25.94
-0.64,-11.34,-4.62,-9.50,28.25,-9.19,7.50,0.69,12.94,-0.15,-8.95,-3.98,100733.34,25.94
-0.57,-11.21,-5.03,-9.50,28.25,-9.19,28.12,2.56,8.13,-0.19,-8.99,-3.89,100733.78,25.94
-0.28,-11.09,-4.77,-8.19,27.19,-8.00,45.69,7.87,4.75,-0.21,-9.07,-3.70,100734.09,25.95
-0.21,-10.22,-4.29,-8.19,27.19,-8.00,45.75,12.81,4.25,-0.21,-9.13,-3.56,100734.09,25.95
-0.02,-9.24,-4.71,-8.25,28.25,-10.00,26.69,15.13,7.06,-0.21,-9.20,-3.38,100733.96,25.95
-0.32,-8.62,-5.20,-8.25,28.25,-10.00,-6.50,14.06,11.56,-0.24,-9.19,-3.40,100733.80,25.95
-0.35,-8.66,-4.98,-8.25,28.00,-11.88,-14.38,17.50,8.88,-0.25,-9.17,-3.45,100733.80,25.94
-0.50,-7.86,-4.42,-7.56,29.00,-11.75,17.00,19.94,2.50,-0.24,-9.18,-3.43,100733.84,25.94
-0.69,-7.43,-4.13,-7.56,29.00,-11.75,35.56,13.06,0.62,-0.21,-9.23,-3.28,100733.39,25.94
-0.79,-7.20,-3.83,-8.06,29.00,-11.56,12.44,2.25,-0.19,-0.21,-9.26,-3.21,100733.39,25.94
-0.71,-7.01,-3.75,-8.06,29.00,-11.56,-19.12,-7.56,0.13,-0.21,-9.25,-3.24,100733.23,25.94
-0.38,-7.40,-3.90,-9.50,29.06,-11.75,-21.94,-5.06,-3.50,-0.22,-9.19,-3.39,100732.92,25.95
-0.31,-7.74,-3.41,-9.50,29.06,-11.75,-12.06,-0.88,-6.56,-0.20,-9.18,-3.44,100732.92,25.94
-0.38,-7.72,-2.96,-8.69,28.75,-12.25,-1.94,1.75,-5.94,-0.17,-9.17,-3.46,100732.55,25.94
-0.27,-7.68,-2.66,-10.25,29.69,-11.38,-6.87,-1.87,-2.19,-0.16,-9.16,-3.48,100732.44,25.94
-0.31,-7.82,-2.66,-10.25,29.69,-11.38,-14.44,-6.87,0.62,-0.17,-9.14,-3.53,100732.44,25.93
-0.19,-8.69,-2.80,-9.38,29.25,-10.88,-11.00,-10.88,-1.06,-0.18,-9.12,-3.59,100731.93,25.93
0.16,-9.54,-2.98,-9.38,29.25,-10.88,-0.62,-12.94,-2.75,-0.19,-9.11,-3.61,100732.27,25.93
0.35,-10.19,-3.11,-9.75,29.00,-10.50,2.12,-12.75,-3.69,-0.20,-9.11,-3.60,100732.27,25.93
0.68,-11.34,-3.49,-9.75,29.00,-10.50,-0.13,-10.19,-4.81,-0.20,-9.11,-3.60,100732.66,25.93
0.64,-11.73,-3.97,-10.06,28.56,-10.00,5.75,-5.37,-5.19,-0.18,-9.12,-3.59,100732.88,25.93
0.16,-11.90,-4.54,-9.88,28.56,-10.38,15.94,-4.06,-7.25,-0.17,-9.13,-3.55,100732.88,25.93
0.02,-11.78,-4.99,-9.88,28.56,-10.38,31.25,-4.06,-10.56,-0.13,-9.18,-3.42,100733.24,25.93
-0.25,-10.80,-4.05,-11.88,29.00,-11.50,41.69,-11.19,-10.00,-0.07,-9.27,-3.18,100733.36,25.93
-0.29,-9.97,-3.94,-11.88,29.00,-11.50,36.56,-19.12,-3.75,-0.08,-9.31,-3.06,100733.36,25.92
0.41,-9.36,-4.06,-11.06,28.69,-11.75,11.81,-15.44,-4.19,-0.09,-9.34,-2.96,100733.54,25.92
0.53,-8.79,-4.02,-11.69,28.37,-13.69,-3.25,0.06,-9.69,-0.06,-9.34,-2.96,100733.91,25.92
-0.44,-7.84,-4.07,-11.69,28.37,-13.69,-5.56,2.06,-9.00,-0.03,-9.34,-2.97,100733.91,25.92
-0.92,-7.55,-4.16,-11.38,28.25,-14.50,-6.81,-7.69,-3.94,-0.01,-9.33,-3.00,100734.47,25.92
-0.66,-7.37,-4.01,-11.38,28.25,-14.50,-10.25,-13.56,-1.37,-0.02,-9.31,-3.07,100733.99,25.92
-0.46,-7.19,-3.69,-11.06,29.25,-14.69,-15.81,-14.31,1.56,-0.04,-9.29,-3.11,100733.99,25.92
-0.09,-7.33,-3.48,-11.06,29.25,-14.69,-21.12,-12.94,2.81,-0.07,-9.26,-3.20,100733.43,25.92
0.30,-7.55,-3.27,-11.50,29.19,-12.69,-21.75,-9.13,-1.62,-0.09,-9.23,-3.31,100732.37,25.92
0.51,-7.66,-3.17,-10.56,28.87,-13.25,-16.44,-3.31,-6.62,-0.08,-9.19,-3.39,100732.37,25.92
0.49,-7.73,-3.02,-10.56,28.87,-13.25,-11.81,-0.69,-8.13,-0.04,-9.17,-3.45,100732.72,25.92
0.41,-8.12,-3.03,-11.06,28.75,-12.69,-11.38,-0.19,-6.12,0.00,-9.15,-3.51,100732.62,25.92
0.10,-8.96,-3.23,-11.06,28.75,-12.69,-11.38,-0.81,-2.37,0.00,-9.14,-3.54,100732.62,25.92
0.00,-9.81,-3.42,-11.25,28.69,-12.56,-6.50,-1.25,3.81,0.00,-9.12,-3.58,100732.59,25.92
0.23,-10.97,-3.92,-11.25,28.69,-12.56,5.06,2.31,5.31,-0.02,-9.12,-3.58,100733.01,25.92
0.02,-11.36,-4.12,-10.56,28.19,-12.19,15.31,7.75,4.75,-0.03,-9.15,-3.51,100733.01,25.92
-0.31,-11.11,-4.04,-10.56,28.19,-12.19,28.12,12.38,4.69,-0.03,-9.18,-3.43,100732.77,25.92
-0.11,-10.88,-4.17,-11.69,28.06,-12.25,24.56,12.81,5.56,-0.04,-9.24,-3.25,100733.01,25.92
-0.14,-10.12,-3.65,-10.56,27.25,-13.50,17.25,12.88,7.31,-0.04,-9.27,-3.19,100733.01,25.91
-0.09,-9.31,-4.85,-10.56,27.25,-13.50,-3.69,7.69,15.06,-0.09,-9.27,-3.17,100733.13,25.91
0.09,-9.82,-5.55,-9.88,27.75,-14.25,-42.44,12.25,10.63,-0.13,-9.22,-3.31,100733.03,25.91
0.43,-9.05,-4.74,-9.88,27.75,-14.25,-31.06,23.62,2.12,-0.12,-9.15,-3.50,100733.03,25.91
0.22,-8.35,-4.46,-10.25,27.87,-15.50,19.69,22.25,2.31,-0.08,-9.16,-3.49,100732.70,25.91
-0.16,-8.22,-4.11,-10.00,27.87,-14.25,24.69,9.81,6.50,-0.08,-9.21,-3.36,100732.87,25.91
-0.16,-7.94,-3.92,-10.00,27.87,-14.25,-11.13,-0.94,8.69,-0.12,-9.21,-3.35,100732.87,25.91
0.23,-7.66,-3.71,-10.19,26.25,-15.38,-23.00,0.19,6.06,-0.15,-9.17,-3.46,100733.18,25.91
0.12,-7.77,-3.49,-10.19,26.25,-15.38,-7.75,8.00,-1.56,-0.15,-9.14,-3.52,100733.35,25.90
-0.20,-7.54,-3.08,-9.19,27.06,-15.38,0.25,10.56,-4.19,-0.13,-9.14,-3.53,100733.35,25.90
-0.36,-7.58,-2.87,-9.19,27.06,-15.38,-1.56,6.19,0.44,-0.10,-9.14,-3.53,100733.29,25.90
0.01,-7.95,-2.80,-10.38,27.37,-15.00,-4.50,0.56,4.87,-0.13,-9.13,-3.56,100733.04,25.90
0.37,-8.30,-2.91,-10.19,27.19,-15.19,2.94,1.12,1.87,-0.13,-9.13,-3.56,100733.04,25.90
0.67,-8.78,-2.96,-10.19,27.19,-15.19,12.88,3.69,-2.62,-0.12,-9.15,-3.51,100732.64,25.90
0.56,-9.64,-3.26,-9.56,26.75,-15.88,7.62,4.37,-4.62,-0.09,-9.17,-3.46,100732.97,25.90
0.23,-10.37,-3.88,-9.56,26.75,-15.88,-5.50,0.88,-2.69,-0.07,-9.17,-3.47,100732.97,25.90
-0.13,-11.38,-4.99,-9.50,26.37,-15.88,-7.75,-2.00,-2.81,-0.06,-9.15,-3.50,100732.97,25.90
-0.09,-11.97,-5.63,-9.50,26.37,-15.88,-0.13,-0.81,-6.31,-0.03,-9.15,-3.50,100732.62,25.90
-0.34,-11.65,-4.97,-9.88,26.00,-16.25,17.44,3.31,-14.94,0.00,-9.17,-3.46,100732.62,25.90
-0.46,-10.54,-4.70,-9.75,26.69,-17.06,29.31,-8.25,-10.63,0.06,-9.22,-3.33,100732.28,25.90
0.57,-10.15,-5.43,-9.75,26.69,-17.06,6.69,-13.75,-6.12,0.07,-9.24,-3.26,100732.14,25.89
0.62,-9.33,-4.89,-10.50,25.87,-17.19,-13.25,-0.06,-10.00,0.10,-9.23,-3.30,100732.14,25.89
-0.17,-8.06,-4.01,-10.50,25.87,-17.19,3.62,3.81,-9.31,0.15,-9.22,-3.32,100731.90,25.89
-0.71,-7.82,-4.04,-10.56,25.25,-18.00,17.44,-4.06,-4.37,0.18,-9.25,-3.25,100731.46,25.89
-0.74,-7.50,-3.88,-10.56,25.25,-18.00,5.37,-11.63,-1.31,0.18,-9.26,-3.22,100731.46,25.89
-0.22,-7.23,-3.68,-11.88,25.00,-18.06,-19.94,-19.50,4.25,0.12,-9.23,-3.30,100731.81,25.89
0.28,-7.45,-3.77,-10.56,24.75,-17.25,-14.56,-15.94,3.87,0.07,-9.20,-3.38,100731.66,25.89
0.59,-7.73,-3.64,-10.56,24.75,-17.25,-7.50,-10.25,0.50,0.05,-9.19,-3.41,100731.66,25.89
0.68,-7.65,-3.21,-11.00,24.69,-16.56,-1.06,-1.31,-3.75,0.06,-9.18,-3.42,100732.51,25.89
0.76,-7.72,-2.89,-11.00,24.69,-16.56,0.13,4.50,-5.81,0.09,-9.18,-3.42,100732.20,25.89
0.63,-7.66,-2.78,-11.50,24.25,-16.87,-0.88,7.00,-4.62,0.13,-9.18,-3.43,100732.20,25.89
0.21,-8.33,-2.97,-11.50,24.25,-16.87,-5.12,4.50,2.06,0.14,-9.17,-3.44,100732.48,25.89
-0.02,-9.22,-3.63,-10.75,23.75,-16.37,-7.87,2.62,7.12,0.12,-9.16,-3.47,100731.98,25.88
-0.15,-9.90,-4.08,-11.56,24.56,-16.00,-7.37,3.75,8.69,0.10,-9.15,-3.50,100731.98,25.88
-0.29,-10.51,-4.62,-11.56,24.56,-16.00,0.94,7.94,7.81,0.06,-9.15,-3.50,100732.43,25.88
-0.27,-10.57,-4.80,-10.88,23.50,-16.19,15.94,12.25,6.37,0.05,-9.18,-3.44,100732.61,25.88
-0.32,-10.68,-4.57,-10.88,23.50,-16.19,17.62,13.06,6.12,0.05,-9.20,-3.39,100732.61,25.88
-0.46,-9.95,-4.23,-11.69,22.37,-15.25,16.75,10.56,9.00,0.03,-9.22,-3.32,100733.20,25.88
-0.06,-10.00,-4.75,-11.19,23.06,-16.50,-5.75,5.31,11.63,-0.02,-9.23,-3.30,100733.06,25.88
0.03,-9.21,-4.17,-11.19,23.06,-16.50,-17.62,8.06,5.94,-0.04,-9.21,-3.34,100733.06,25.88
-0.08,-8.62,-4.06,-9.69,22.75,-16.87,-3.44,8.56,1.75,-0.04,-9.20,-3.39,100733.30,25.88
-0.40,-8.11,-4.32,-9.69,22.75,-16.87,-3.75,3.06,1.87,-0.03,-9.19,-3.39,100733.36,25.87
-0.44,-7.51,-4.10,-9.56,22.87,-14.25,-18.06,-1.81,1.31,-0.04,-9.16,-3.48,100733.36,25.87
-0.20,-7.41,-4.37,-9.56,22.87,-14.25,-40.81,-8.06,0.69,-0.06,-9.09,-3.65,100733.01,25.87
0.10,-7.71,-4.40,-9.25,22.50,-14.00,-34.44,-5.94,-0.75,-0.07,-9.02,-3.83,100732.35,25.87
0.26,-7.69,-4.01,-8.50,21.75,-13.56,-21.06,-2.75,-1.25,-0.08,-8.99,-3.90,100732.35,25.87
0.12,-7.64,-3.78,-8.50,21.75,-13.56,-6.31,1.19,-1.31,-0.07,-8.97,-3.95,100732.73,25.87
0.17,-7.49,-3.41,-9.38,22.56,-12.38,-2.75,-1.31,1.12,-0.07,-8.96,-3.97,100732.63,25.87
0.35,-7.76,-3.39,-9.38,22.56,-12.38,-3.06,-2.69,2.12,-0.08,-8.96,-3.98,100732.63,25.87
0.40,-8.29,-3.38,-8.06,23.69,-11.06,-1.31,-2.75,2.37,-0.10,-8.95,-3.99,100732.27,25.87
0.27,-9.16,-3.85,-9.50,23.37,-9.69,-4.62,-0.13,2.56,-0.11,-8.95,-4.00,100732.56,25.87
-0.20,-10.16,-4.45,-9.50,23.37,-9.69,-9.50,0.94,1.87,-0.12,-8.93,-4.04,100732.56,25.86
-0.62,-10.73,-5.03,-9.38,22.87,-10.56,-9.44,-0.69,-1.06,-0.12,-8.91,-4.07,100733.35,25.86
-0.62,-11.20,-5.97,-9.38,22.87,-10.56,0.13,-5.44,-6.81,-0.10,-8.91,-4.09,100733.05,25.86
-0.42,-11.03,-6.19,-9.00,23.69,-8.19,11.63,-10.44,-13.25,-0.07,-8.92,-4.05,100733.05,25.86
-0.78,-10.16,-5.02,-8.06,24.06,-8.00,23.44,-20.31,-11.94,-0.04,-8.96,-3.96,100732.72,25.86
0.70,-10.13,-5.66,-8.06,24.06,-8.00,13.50,-21.87,-9.25,-0.05,-9.00,-3.88,100732.94,25.86
0.85,-9.43,-5.21,-9.19,23.75,-7.75,2.31,-10.88,-10.25,-0.03,-9.01,-3.86,100732.94,25.86
0.58,-8.31,-4.90,-9.19,23.75,-7.75,-3.12,1.06,-6.19,0.00,-9.00,-3.88,100733.18,25.86
-0.57,-7.95,-5.15,-10.19,24.50,-8.25,-14.63,-4.37,-1.06,0.01,-8.98,-3.92,100733.38,25.86
-0.95,-7.62,-5.20,-10.19,24.50,-8.25,-25.37,-10.00,-0.75,0.00,-8.95,-3.99,100733.38,25.86
-0.43,-7.40,-4.98,-10.38,23.56,-7.50,-26.56,-11.75,0.44,-0.01,-8.89,-4.12,100733.09,25.86
-0.31,-7.42,-4.84,-10.38,23.56,-7.50,-15.38,-7.56,2.37,-0.04,-8.85,-4.20,100733.61,25.86
-0.07,-7.27,-4.08,-11.50,23.56,-6.69,-6.44,-5.12,2.69,-0.06,-8.84,-4.23,100733.61,25.86
-0.07,-6.96,-3.49,-11.00,23.37,-5.87,5.12,-2.81,2.44,-0.08,-8.84,-4.22,100733.77,25.86
-0.19,-6.98,-3.15,-11.00,23.37,-5.87,6.56,-2.12,2.00,-0.09,-8.86,-4.19,100733.45,25.86
-0.31,-7.36,-3.12,-10.25,24.50,-5.25,1.56,-2.56,0.94,-0.10,-8.86,-4.18,100733.45,25.86
-0.33,-7.97,-3.33,-10.25,24.50,-5.25,-8.69,-4.87,-0.13,-0.11,-8.85,-4.20,100733.79,25.86
-0.33,-9.13,-4.11,-9.69,24.25,-5.06,-15.25,-5.31,-2.19,-0.11,-8.81,-4.29,100733.72,25.87
-0.29,-10.33,-4.99,-9.69,24.25,-5.06,-14.38,-1.87,-5.75,-0.10,-8.79,-4.33,100733.72,25.86
-0.27,-10.91,-5.76,-11.00,24.37,-4.00,0.50,2.00,-6.00,-0.07,-8.78,-4.36,100733.76,25.86
-0.32,-10.94,-6.29,-12.69,25.00,-3.50,20.69,4.50,-2.75,-0.04,-8.81,-4.29,100733.46,25.86
-0.25,-10.92,-6.32,-12.69,25.00,-3.50,31.75,7.00,-0.37,-0.02,-8.87,-4.16,100733.46,25.86
0.00,-10.48,-5.19,-11.69,24.06,-4.75,35.69,9.69,0.75,-0.01,-8.92,-4.06,100733.49,25.86
0.22,-9.76,-5.56,-11.69,24.06,-4.75,26.44,10.56,5.44,-0.01,-8.98,-3.92,100732.55,25.86
0.46,-9.45,-4.98,-12.19,25.25,-4.69,2.06,14.94,3.62,0.00,-9.00,-3.87,100732.55,25.86
0.30,-8.68,-4.67,-12.19,25.25,-4.69,2.69,16.94,3.62,0.00,-9.00,-3.87,100732.68,25.86
0.08,-7.58,-4.42,-11.50,25.75,-6.25,19.75,9.56,10.13,0.00,-9.03,-3.81,100732.44,25.86
-0.43,-7.20,-4.42,-11.50,25.75,-6.25,14.44,3.50,12.94,-0.03,-9.05,-3.75,100732.44,25.86
-0.55,-6.98,-4.12,-12.56,25.50,-4.56,-13.69,-6.31,12.56,-0.10,-9.05,-3.77,100733.05,25.86
-0.05,-7.12,-3.93,-11.25,25.00,-5.69,-25.87,-8.13,7.75,-0.18,-8.98,-3.92,100732.27,25.85
-0.04,-7.41,-3.76,-11.25,25.00,-5.69,-17.06,-4.37,6.12,-0.21,-8.94,-4.00,100732.27,25.85
-0.20,-7.59,-3.44,-11.00,25.25,-4.50,-3.94,1.37,2.69,-0.22,-8.93,-4.02,100732.45,25.85
-0.23,-7.61,-3.23,-11.00,25.25,-4.50,2.06,3.75,1.50,-0.22,-8.94,-4.02,100732.55,25.85
-0.26,-7.79,-3.34,-11.25,25.25,-5.25,2.06,2.00,2.00,-0.23,-8.94,-4.01,100732.55,25.84
-0.32,-8.69,-3.52,-11.25,24.87,-5.25,2.75,-1.19,0.13,-0.23,-8.95,-4.00,100733.01,25.84
-0.27,-10.03,-4.32,-11.25,24.87,-5.25,5.37,-2.62,-3.56,-0.22,-8.95,-3.98,100733.47,25.84
-0.25,-10.53,-4.73,-10.56,25.50,-5.25,6.06,-2.81,-6.81,-0.21,-8.96,-3.96,100733.47,25.84
-0.41,-10.66,-5.01,-10.56,25.50,-5.25,14.69,-3.94,-9.38,-0.16,-8.99,-3.89,100733.97,25.84
-0.45,-10.89,-5.55,-10.56,25.87,-5.25,18.50,-7.25,-7.87,-0.14,-9.03,-3.81,100733.69,25.84
-0.20,-10.86,-5.38,-10.56,25.87,-5.25,19.31,-7.62,-9.56,-0.12,-9.05,-3.75,100733.69,25.84
-0.91,-9.53,-4.31,-11.25,25.50,-5.69,25.12,-10.88,-9.19,-0.09,-9.11,-3.61,100734.51,25.84
-0.24,-9.93,-5.10,-11.56,25.25,-5.69,12.06,-18.44,-2.94,-0.10,-9.13,-3.56,100734.66,25.84
0.19,-8.95,-4.49,-11.56,25.25,-5.69,-7.31,-7.25,-9.19,-0.09,-9.13,-3.57,100734.66,25.84
0.02,-7.95,-4.46,-12.00,25.50,-7.25,-0.94,2.00,-7.25,-0.05,-9.12,-3.59,100734.51,25.84
-0.67,-7.73,-4.59,-12.00,25.50,-7.25,1.31,0.25,-0.50,-0.04,-9.12,-3.58,100734.16,25.83
-0.99,-7.59,-4.62,-11.19,25.75,-6.69,-20.00,-7.69,2.56,-0.05,-9.10,-3.63,100734.16,25.83
-0.65,-7.42,-4.38,-10.25,25.19,-5.00,-29.44,-12.19,4.12,-0.09,-9.05,-3.76,100733.86,25.83
-0.22,-7.56,-4.31,-10.25,25.19,-5.00,-15.63,-10.38,4.12,-0.13,-9.01,-3.86,100733.84,25.83
-0.03,-7.58,-3.85,-11.88,25.00,-5.75,-5.25,-6.87,4.12,-0.17,-8.99,-3.90,100733.84,25.82
0.06,-7.55,-3.47,-11.88,25.00,-5.75,-1.00,-1.75,1.44,-0.19,-8.99,-3.90,100733.65,25.82
0.00,-7.51,-3.26,-11.06,25.56,-5.37,2.75,4.31,-3.56,-0.16,-8.99,-3.89,100733.91,25.82
-0.27,-7.70,-3.11,-11.06,24.56,-5.00,3.00,6.87,-3.81,-0.14,-9.00,-3.88,100733.91,25.82
-0.57,-8.35,-3.48,-11.06,24.56,-5.00,-3.06,5.62,-2.19,-0.12,-9.00,-3.89,100733.78,25.82
-0.79,-9.42,-4.14,-11.06,25.00,-5.69,-9.31,4.62,-0.06,-0.11,-8.98,-3.92,100734.18,25.82
-0.96,-10.28,-4.63,-11.06,25.00,-5.69,-7.12,4.94,-0.25,-0.10,-8.96,-3.96,100734.18,25.82
-0.93,-10.70,-4.93,-12.06,25.25,-4.87,9.38,4.31,-1.31,-0.08,-8.97,-3.95,100734.16,25.82
-0.44,-10.71,-5.35,-12.06,25.00,-4.50,22.25,4.81,-0.50,-0.07,-9.01,-3.86,100734.31,25.82
-0.07,-10.44,-5.25,-12.06,25.00,-4.50,20.00,7.69,-0.19,-0.05,-9.05,-3.77,100734.31,25.82
-0.31,-9.37,-4.76,-11.69,25.37,-6.37,11.81,5.62,8.25,-0.06,-9.06,-3.73,100734.89,25.82
-0.02,-9.34,-6.00,-11.69,25.37,-6.37,-7.81,5.56,12.06,-0.10,-9.07,-3.71,100734.89,25.82
0.16,-9.06,-5.14,-11.00,25.06,-5.69,-35.38,13.88,6.56,-0.11,-9.03,-3.82,100734.89,25.82
0.07,-8.40,-4.48,-11.00,25.06,-5.69,-6.62,16.25,6.50,-0.10,-8.99,-3.91,100734.04,25.82
-0.21,-8.14,-4.35,-11.69,25.06,-6.50,20.12,8.25,11.56,-0.12,-9.02,-3.84,100733.74,25.82
-0.40,-7.72,-4.56,-11.69,25.06,-6.50,-6.56,-0.69,15.44,-0.19,-9.03,-3.81,100733.74,25.82
-0.32,-7.69,-4.78,-11.06,23.75,-6.37,-42.50,-3.87,14.44,-0.26,-8.96,-3.96,100733.54,25.82
0.00,-7.89,-4.68,-10.25,25.00,-5.69,-35.88,0.56,7.12,-0.31,-8.87,-4.15,100732.92,25.82
0.16,-8.23,-4.43,-10.25,25.00,-5.69,-13.63,5.75,2.37,-0.31,-8.84,-4.21,100732.92,25.82
-0.09,-7.97,-3.67,-9.88,25.69,-5.25,12.44,9.50,-1.12,-0.29,-8.86,-4.19,100733.22,25.82
-0.24,-7.63,-3.17,-9.88,25.69,-5.25,13.56,5.06,1.69,-0.28,-8.89,-4.12,100733.38,25.82
-0.22,-7.77,-3.15,-9.56,24.69,-5.00,7.75,1.69,2.87,-0.29,-8.90,-4.09,100733.38,25.82
-0.07,-8.25,-3.37,-9.56,24.69,-5.00,8.13,1.44,-0.88,-0.29,-8.92,-4.06,100733.55,25.82
-0.07,-8.74,-3.91,-9.88,24.37,-4.87,11.56,4.25,-3.12,-0.27,-8.94,-4.01,100733.95,25.82
-0.43,-9.68,-4.59,-9.88,24.37,-4.87,8.31,4.19,-3.50,-0.25,-8.95,-3.98,100733.95,25.82
-1.21,-10.33,-5.11,-10.06,24.37,-4.06,5.50,-1.94,-1.94,-0.24,-8.96,-3.95,100734.09,25.82
-1.08,-10.80,-5.65,-9.50,24.87,-4.50,19.69,-10.44,-4.19,-0.24,-8.99,-3.89,100733.88,25.82
-0.73,-10.86,-6.04,-9.50,24.87,-4.50,29.94,-11.69,-11.38,-0.23,-9.05,-3.76,100733.88,25.82
-0.62,-10.35,-5.24,-9.06,24.87,-5.25,31.00,-13.63,-13.00,-0.19,-9.11,-3.62,100733.30,25.82
-0.41,-9.74,-5.30,-9.06,24.87,-5.25,13.75,-21.00,-4.50,-0.19,-9.15,-3.51,100733.32,25.81
0.02,-9.46,-5.06,-9.38,25.25,-4.50,-8.88,-13.75,-6.19,-0.19,-9.13,-3.55,100733.32,25.81
0.00,-8.45,-4.72,-9.38,25.25,-4.50,-15.94,-2.37,-7.25,-0.17,-9.11,-3.60,100733.63,25.81
-0.33,-8.00,-4.94,-10.56,23.75,-5.69,-2.25,-1.25,-5.44,-0.14,-9.10,-3.63,100733.32,25.81
-0.99,-7.80,-4.80,-12.06,25.00,-5.00,-10.69,-7.50,-4.37,-0.13,-9.09,-3.65,100733.32,25.81
-0.83,-7.56,-4.70,-12.06,25.00,-5.00,-28.56,-15.13,-2.75,-0.14,-9.05,-3.76,100733.46,25.81
-0.20,-7.42,-4.56,-10.88,24.25,-4.19,-24.81,-15.31,-1.06,-0.16,-8.99,-3.89,100733.42,25.80
0.01,-7.57,-4.15,-10.88,24.25,-4.19,-3.62,-8.88,-3.37,-0.17,-8.97,-3.94,100733.42,25.80
-0.12,-7.45,-3.59,-10.69,25.00,-2.75,8.75,-3.69,-6.12,-0.16,-8.99,-3.91,100733.84,25.80
0.00,-7.35,-3.35,-11.19,24.69,-3.87,7.37,-1.31,-6.87,-0.12,-9.01,-3.86,100733.65,25.80
-0.04,-7.68,-3.37,-11.19,24.69,-3.87,2.00,0.62,-6.75,-0.10,-9.01,-3.85,100733.65,25.79
-0.31,-8.49,-3.74,-12.00,24.25,-4.69,-1.00,0.81,-4.94,-0.07,-9.01,-3.85,100733.66,25.79
-0.41,-9.15,-4.12,-12.00,24.25,-4.69,-1.56,0.50,-1.81,-0.06,-9.01,-3.86,100734.09,25.79
-0.36,-10.06,-4.51,-10.88,23.56,-3.87,3.37,2.12,-1.87,-0.05,-9.01,-3.86,100734.09,25.79
-0.38,-10.86,-4.87,-10.88,23.56,-3.87,17.75,4.56,-1.50,-0.03,-9.03,-3.80,100734.34,25.79
-0.25,-11.00,-4.98,-11.00,24.19,-3.00,31.81,5.69,0.50,-0.02,-9.09,-3.67,100733.91,25.79
0.06,-10.89,-4.71,-11.38,24.56,-5.00,36.44,8.81,0.37,-0.01,-9.13,-3.57,100733.91,25.79
-0.33,-10.09,-3.70,-11.38,24.56,-5.00,37.38,10.25,4.37,-0.01,-9.21,-3.34,100733.81,25.79
-0.01,-9.80,-5.27,-11.00,24.19,-5.00,-4.81,3.06,12.50,-0.06,-9.23,-3.29,100734.17,25.79
-0.15,-9.25,-4.78,-11.00,24.19,-5.00,-28.87,10.44,5.75,-0.08,-9.21,-3.36,100734.17,25.78
-0.14,-8.38,-4.44,-10.69,24.56,-6.50,-15.00,14.25,0.00,-0.05,-9.16,-3.47,100733.66,25.78
-0.17,-7.81,-4.59,-12.50,25.50,-6.25,19.19,7.19,1.06,-0.04,-9.18,-3.43,100733.58,25.78
-0.21,-7.65,-4.62,-12.50,25.50,-6.25,1.00,-2.75,5.44,-0.06,-9.20,-3.37,100733.58,25.78
0.00,-7.75,-4.67,-10.69,24.87,-5.75,-39.31,-7.94,8.50,-0.11,-9.15,-3.50,100733.51,25.78
0.47,-7.83,-4.69,-10.69,24.87,-5.75,-37.50,-2.06,4.44,-0.14,-9.06,-3.74,100733.09,25.78
0.63,-7.79,-4.25,-11.06,25.25,-5.50,-2.81,8.44,-0.31,-0.14,-9.03,-3.81,100733.09,25.78
0.02,-7.61,-3.33,-10.75,25.87,-4.56,12.75,9.88,0.62,-0.12,-9.05,-3.76,100732.71,25.78
-0.06,-7.52,-3.03,-10.75,25.87,-4.56,2.69,2.50,6.06,-0.13,-9.06,-3.73,100733.34,25.78
0.01,-7.86,-3.07,-11.38,25.56,-5.50,-2.06,-0.75,7.81,-0.15,-9.06,-3.74,100733.34,25.78
0.11,-8.24,-3.33,-11.38,25.56,-5.50,6.87,0.13,3.56,-0.18,-9.07,-3.71,100733.47,25.78
0.19,-9.16,-3.37,-10.06,25.25,-5.00,21.06,7.00,-4.25,-0.16,-9.11,-3.62,100733.73,25.78
0.00,-9.93,-3.37,-10.06,25.25,-5.00,17.25,8.19,-6.25,-0.13,-9.13,-3.56,100733.73,25.78
-0.21,-10.85,-3.84,-9.38,25.87,-5.00,9.44,4.44,-4.00,-0.09,-9.16,-3.49,100734.20,25.78
-0.48,-11.35,-4.35,-10.50,25.25,-5.56,14.25,-0.88,-1.62,-0.08,-9.17,-3.45,100734.39,25.78
0.02,-11.16,-4.95,-10.50,25.25,-5.56,25.81,-5.06,-3.31,-0.08,-9.21,-3.35,100734.39,25.77
-0.23,-10.23,-4.23,-10.50,25.56,-7.87,29.87,-2.44,-7.44,-0.05,-9.27,-3.17,100734.66,25.77
-0.73,-9.99,-4.25,-10.50,25.56,-7.87,19.19,-8.50,-2.12,-0.04,-9.30,-3.10,100734.39,25.77
-0.44,-9.61,-4.14,-11.56,25.75,-8.56,-3.50,-9.69,-3.06,-0.05,-9.30,-3.08,100734.39,25.77
-0.40,-8.25,-3.84,-10.56,26.19,-8.38,2.31,-3.37,-7.62,-0.03,-9.30,-3.09,100734.17,25.77
-0.66,-7.61,-4.02,-10.56,26.19,-8.38,12.19,-6.00,-6.31,0.00,-9.32,-3.04,100734.67,25.77
-0.82,-7.58,-4.35,-11.25,26.69,-8.25,-3.56,-10.19,-4.94,0.00,-9.32,-3.03,100734.67,25.77
-0.57,-7.52,-4.47,-11.25,26.69,-8.25,-56.13,-14.13,-2.69,0.00,-9.24,-3.27,100733.97,25.77
0.07,-7.72,-4.85,-11.50,26.56,-7.37,-57.88,-11.13,-0.37,-0.02,-9.13,-3.55,100733.52,25.77
0.23,-7.92,-4.90,-11.50,26.56,-7.37,-41.63,-8.13,0.62,-0.03,-9.08,-3.70,100733.52,25.77
0.07,-8.12,-4.32,-10.88,26.25,-6.50,-15.00,-5.62,0.37,-0.04,-9.03,-3.80,100733.15,25.77
0.29,-8.02,-3.78,-11.50,26.19,-5.37,-1.37,-4.62,0.00,-0.06,-9.02,-3.82,100733.19,25.77
0.23,-7.95,-3.42,-11.50,26.19,-5.37,2.62,-2.94,1.87,-0.06,-9.03,-3.82,100733.19,25.76
-0.16,-8.29,-3.28,-10.88,26.50,-5.25,5.62,-1.69,3.56,-0.08,-9.03,-3.80,100733.98,25.76
-0.37,-8.84,-3.57,-10.88,26.50,-5.25,7.31,-2.06,4.81,-0.11,-9.05,-3.76,100733.98,25.77
-0.47,-9.53,-3.89,-11.06,26.37,-4.37,5.75,-1.50,4.31,-0.13,-9.06,-3.74,100733.98,25.77
-0.33,-10.33,-4.02,-11.06,26.37,-4.37,12.13,1.56,1.06,-0.14,-9.08,-3.70,100734.07,25.77
-0.16,-10.78,-4.27,-11.19,26.19,-4.87,26.87,4.87,-0.13,-0.13,-9.12,-3.59,100734.05,25.77
0.06,-10.84,-4.50,-10.06,26.50,-4.25,25.25,8.19,-0.88,-0.12,-9.15,-3.51,100734.05,25.76
0.38,-10.79,-4.43,-10.06,26.50,-4.25,14.38,10.38,-1.00,-0.09,-9.19,-3.40,100733.66,25.76
-0.26,-10.08,-3.82,-10.56,26.19,-7.06,3.75,7.06,9.38,-0.11,-9.20,-3.38,100733.59,25.76
-0.14,-10.09,-5.41,-10.56,26.19,-7.06,-9.31,7.06,7.87,-0.13,-9.19,-3.39,100733.59,25.76
-0.04,-9.05,-4.90,-9.38,26.25,-7.06,-14.63,14.06,0.13,-0.12,-9.17,-3.47,100733.56,25.76
-0.45,-8.46,-4.53,-9.38,26.37,-4.75,3.56,10.81,2.44,-0.10,-9.16,-3.48,100733.73,25.76
-0.64,-8.12,-4.43,-9.38,26.37,-4.75,9.69,4.56,4.94,-0.11,-9.18,-3.44,100733.73,25.76
-0.62,-7.75,-4.49,-9.69,27.00,-5.50,-4.87,-4.75,6.56,-0.14,-9.17,-3.45,100733.88,25.76
-0.27,-7.66,-4.27,-9.69,27.00,-5.50,-22.69,-8.13,1.44,-0.18,-9.13,-3.56,100733.82,25.76
0.19,-7.62,-4.11,-8.88,25.56,-6.25,-17.25,-4.19,-2.69,-0.18,-9.10,-3.64,100733.82,25.76
0.00,-7.50,-3.53,-8.88,25.56,-6.25,-4.00,1.25,-6.69,-0.16,-9.09,-3.66,100733.68,25.76
-0.10,-7.28,-2.92,-9.25,26.37,-5.25,3.69,-0.37,-6.19,-0.13,-9.09,-3.65,100734.02,25.76
0.02,-7.37,-2.84,-9.25,26.37,-5.25,2.81,-3.69,-3.31,-0.12,-9.10,-3.64,100734.02,25.76
0.28,-8.04,-3.10,-9.25,25.56,-5.56,-5.12,-6.56,1.25,-0.13,-9.10,-3.65,100733.78,25.76
0.36,-9.17,-3.54,-8.88,26.06,-4.75,-11.38,-5.37,2.06,-0.15,-9.08,-3.69,100733.42,25.76
0.59,-10.09,-4.08,-8.88,26.06,-4.75,-0.88,-2.56,-0.13,-0.16,-9.07,-3.72,100733.42,25.76
0.44,-10.67,-4.55,-9.25,26.50,-3.56,16.44,0.25,-1.37,-0.15,-9.09,-3.67,100733.45,25.76
0.25,-10.71,-4.67,-9.25,26.50,-3.56,28.56,1.87,-2.25,-0.14,-9.13,-3.55,100733.28,25.76
-0.19,-10.36,-5.15,-7.37,27.19,-4.25,28.19,0.00,-0.81,-0.13,-9.17,-3.47,100733.28,25.75
0.05,-10.32,-5.74,-7.37,27.19,-4.25,18.50,-2.56,0.37,-0.14,-9.20,-3.36,100732.98,25.75
-0.59,-10.64,-4.79,-9.25,26.19,-4.25,23.25,-0.37,-7.44,-0.12,-9.24,-3.25,100733.48,25.75
-0.74,-9.47,-3.34,-8.56,26.75,-4.25,40.19,-5.31,-10.13,-0.09,-9.28,-3.14,100733.48,25.75
-0.78,-9.19,-3.59,-8.56,26.75,-4.25,33.50,-6.37,-8.50,-0.06,-9.35,-2.95,100733.29,25.75
-0.59,-8.25,-3.63,-8.25,26.69,-5.50,-9.31,-6.87,-13.69,0.00,-9.34,-2.96,100733.07,25.75
0.07,-7.70,-4.28,-8.25,26.69,-5.50,-32.31,-6.37,-11.06,0.03,-9.31,-3.05,100733.07,25.74
-0.45,-7.66,-4.38,-9.00,26.87,-5.06,-26.44,-2.81,-7.87,0.06,-9.27,-3.19,100733.13,25.74
-0.66,-7.78,-4.02,-8.69,27.00,-3.69,-17.75,-5.44,-3.50,0.08,-9.22,-3.31,100733.45,25.74
-0.30,-7.43,-3.42,-8.69,27.00,-3.69,-21.19,-9.19,-0.88,0.07,-9.20,-3.38,100733.45,25.74
0.08,-7.40,-3.20,-8.25,27.19,-3.56,-25.31,-14.44,5.81,0.03,-9.16,-3.49,100733.40,25.74
0.20,-7.58,-3.20,-8.25,27.19,-3.56,-19.62,-12.44,8.50,-0.02,-9.12,-3.59,100733.07,25.73
-0.01,-7.80,-3.10,-8.19,27.06,-2.69,-14.69,-7.50,5.75,-0.07,-9.09,-3.67,100733.07,25.73
-0.10,-7.95,-3.00,-7.75,28.50,-0.69,-12.88,-4.75,2.06,-0.09,-9.06,-3.73,100733.17,25.73
-0.11,-8.71,-3.09,-7.75,28.50,-0.69,-9.19,-3.62,0.19,-0.10,-9.04,-3.78,100733.71,25.73
-0.23,-9.61,-3.37,-8.25,28.00,-1.19,-7.37,-3.56,1.44,-0.11,-9.03,-3.80,100733.71,25.73
-0.30,-10.49,-3.89,-8.25,28.00,-1.19,-5.69,-2.62,2.87,-0.13,-9.02,-3.83,100733.65,25.73
-0.13,-10.99,-4.66,-7.25,28.50,-0.50,5.25,2.12,2.56,-0.14,-9.02,-3.83,100733.42,25.73
-0.02,-11.12,-5.33,-7.25,28.50,-0.50,13.69,5.12,3.44,-0.15,-9.04,-3.79,100733.42,25.73
0.13,-11.23,-5.83,-6.75,29.75,-0.50,16.69,12.13,3.12,-0.15,-9.07,-3.72,100733.38,25.73
0.04,-10.62,-4.99,-7.25,29.87,-1.37,15.88,21.37,1.75,-0.12,-9.10,-3.65,100733.15,25.73
0.22,-9.60,-5.64,-7.25,29.87,-1.37,19.12,20.25,5.19,-0.10,-9.13,-3.56,100733.15,25.73
0.00,-8.67,-5.05,-7.56,30.87,-1.06,2.75,20.06,2.31,-0.08,-9.15,-3.52,100733.41,25.73
-0.21,-8.15,-4.86,-7.56,30.87,-1.06,-1.69,15.19,3.06,-0.06,-9.14,-3.53,100733.46,25.73
-0.55,-8.03,-4.72,-6.87,31.69,-1.50,2.12,8.50,5.37,-0.07,-9.14,-3.53,100733.46,25.73
-0.62,-7.54,-4.24,-6.87,31.69,-1.50,-0.81,4.75,4.69,-0.07,-9.14,-3.52,100733.62,25.73
-0.46,-7.43,-3.94,-5.75,31.25,-1.87,-19.44,-4.50,9.19,-0.12,-9.12,-3.60,100734.15,25.73
0.17,-7.66,-4.31,-5.75,32.38,-1.19,-27.62,-6.00,10.19,-0.16,-9.08,-3.68,100734.15,25.73
0.38,-7.69,-4.23,-5.75,32.38,-1.19,-23.12,0.37,5.87,-0.20,-9.03,-3.80,100734.20,25.73
0.12,-7.61,-3.68,-6.50,32.75,0.19,9.94,8.69,0.62,-0.19,-9.02,-3.82,100733.31,25.73
-0.29,-7.54,-3.11,-6.50,32.75,0.19,19.44,6.44,0.56,-0.18,-9.05,-3.76,100733.31,25.72
-0.35,-8.16,-3.22,-4.25,33.19,0.88,15.75,-0.37,0.94,-0.19,-9.08,-3.68,100733.70,25.72
-0.01,-9.08,-3.15,-4.25,34.69,-0.19,8.06,-2.69,-3.50,-0.18,-9.10,-3.62,100734.25,25.73
0.32,-9.80,-3.37,-4.25,34.69,-0.19,13.56,0.25,-8.38,-0.16,-9.12,-3.59,100734.25,25.72
0.23,-10.37,-3.67,-3.69,35.50,-0.25,21.81,4.94,-10.31,-0.09,-9.17,-3.46,100734.47,25.72
-0.48,-10.71,-4.24,-3.69,35.50,-0.25,14.44,3.56,-9.00,-0.06,-9.19,-3.41,100734.48,25.72
-0.44,-10.94,-4.93,-3.37,35.75,-0.69,4.75,-2.75,-8.25,-0.02,-9.20,-3.38,100734.48,25.72
-0.42,-10.58,-4.48,-3.37,35.75,-1.50,11.56,-7.19,-7.62,0.00,-9.21,-3.34,100734.54,25.72
-0.36,-9.85,-4.77,-3.37,35.75,-1.50,14.06,-19.37,6.44,-0.02,-9.24,-3.27,100733.94,25.72
0.15,-9.95,-5.99,-3.25,36.50,-1.06,-14.31,-18.94,7.00,-0.06,-9.23,-3.28,100733.94,25.72
0.40,-9.17,-5.53,-3.25,36.50,-1.06,-61.13,11.13,-10.44,-0.04,-9.11,-3.60,100733.91,25.72
-0.02,-7.80,-4.25,-3.50,36.56,-0.37,-17.50,13.38,-5.75,0.02,-9.05,-3.76,100733.89,25.72
-1.22,-7.77,-4.85,-3.50,36.56,-0.37,3.19,4.81,2.56,0.03,-9.05,-3.77,100733.89,25.71
-1.42,-8.03,-4.66,-2.75,36.88,1.00,-22.94,-12.63,6.44,-0.03,-9.00,-3.87,100733.89,25.71
-0.46,-7.80,-4.28,-2.69,36.75,2.25,-41.06,-20.50,1.69,-0.08,-8.92,-4.06,100733.88,25.71
0.47,-7.69,-4.11,-2.69,36.75,2.25,-19.37,-16.62,-1.19,-0.10,-8.88,-4.14,100733.88,25.71
0.62,-7.63,-3.78,-1.75,37.69,3.69,11.88,-5.19,-5.25,-0.10,-8.89,-4.13,100734.17,25.71
0.24,-7.32,-3.38,-1.75,37.69,3.69,14.25,3.12,-7.00,-0.07,-8.92,-4.06,100733.83,25.71
-0.09,-7.40,-3.39,-2.56,38.38,4.06,5.44,3.19,-4.75,-0.04,-8.93,-4.03,100733.83,25.71
-0.20,-8.13,-4.10,-2.56,38.38,4.06,-7.12,-1.62,-0.19,-0.04,-8.92,-4.05,100733.63,25.71
-0.19,-9.01,-4.88,-2.00,38.19,4.19,-5.69,-2.25,1.12,-0.05,-8.91,-4.09,100733.23,25.71
-0.41,-9.76,-5.51,-2.37,38.38,4.50,3.56,2.31,2.69,-0.06,-8.91,-4.08,100733.23,25.70
-0.69,-10.14,-5.83,-2.37,38.38,4.50,11.50,7.25,2.25,-0.06,-8.93,-4.04,100733.48,25.70
-0.30,-9.99,-6.00,-1.37,38.56,3.69,22.19,10.69,2.37,-0.05,-8.98,-3.91,100733.52,25.70
-0.42,-9.29,-5.20,-1.37,38.56,3.69,19.69,11.38,3.06,-0.04,-9.01,-3.85,100733.52,25.70
0.21,-9.22,-6.21,-1.00,38.38,3.69,-14.44,2.25,12.06,-0.07,-9.01,-3.85,100733.48,25.70
0.53,-9.82,-5.98,0.00,39.50,3.69,-54.44,10.00,10.75,-0.11,-8.92,-4.05,100732.85,25.70
0.59,-9.73,-5.28,0.00,39.50,3.69,-27.87,18.37,11.94,-0.12,-8.84,-4.24,100732.85,25.69
0.41,-9.09,-4.74,-0.25,38.00,6.37,19.75,18.12,19.37,-0.16,-8.85,-4.21,100732.38,25.69
-0.31,-8.24,-4.83,-0.25,38.00,6.37,8.38,7.12,25.50,-0.24,-8.88,-4.14,100732.66,25.69
-0.55,-7.80,-4.53,0.25,38.25,6.75,-11.25,-1.56,24.37,-0.35,-8.86,-4.18,100732.66,25.69
0.07,-7.62,-4.47,0.25,38.25,6.75,-11.38,-5.81,19.87,-0.42,-8.83,-4.22,100733.34,25.69
0.15,-7.87,-4.23,2.00,37.88,6.00,8.88,1.94,11.38,-0.49,-8.84,-4.21,100733.42,25.69
0.03,-7.89,-3.95,2.00,37.88,6.00,14.81,8.50,4.25,-0.50,-8.85,-4.17,100733.42,25.69
-0.14,-7.36,-3.29,2.25,37.75,6.69,10.69,11.94,-2.19,-0.46,-8.89,-4.10,100732.91,25.69
-0.06,-7.29,-3.11,3.00,38.75,7.19,8.19,9.06,-1.25,-0.44,-8.91,-4.06,100732.91,25.69
-0.15,-7.82,-3.39,3.00,38.75,7.19,5.56,6.75,-1.06,-0.42,-8.92,-4.04,100732.91,25.69
-0.28,-8.41,-3.74,3.56,37.88,6.25,3.81,7.12,-2.87,-0.39,-8.93,-4.02,100732.66,25.69
-0.61,-8.97,-4.11,3.56,37.88,6.25,2.37,6.00,-1.75,-0.37,-8.93,-4.01,100732.88,25.69
-1.05,-9.84,-4.84,3.19,37.25,6.19,2.69,1.56,-0.56,-0.37,-8.94,-4.00,100732.88,25.69
-1.19,-10.41,-5.48,3.50,36.56,7.00,10.38,-3.81,-1.94,-0.36,-8.95,-3.97,100733.30,25.69
-0.54,-10.65,-5.93,3.50,36.56,7.00,22.12,-5.69,-6.00,-0.35,-8.99,-3.89,100732.58,25.69
-0.47,-10.64,-5.90,2.50,36.19,7.56,27.69,-3.06,-9.94,-0.32,-9.04,-3.76,100732.58,25.69
-1.00,-10.20,-4.92,2.50,36.19,7.56,34.38,-7.87,-16.00,-0.25,-9.11,-3.61,100732.60,25.69
-0.89,-9.77,-4.24,3.87,36.06,6.06,40.44,-20.50,-11.06,-0.23,-9.18,-3.42,100732.70,25.69
-0.28,-9.37,-3.87,3.87,36.06,6.06,30.06,-20.75,-10.13,-0.22,-9.22,-3.32,100732.70,25.68
-0.39,-7.91,-4.21,2.50,36.25,5.37,8.63,-16.37,-4.62,-0.22,-9.24,-3.24,100732.74,25.68
-0.27,-7.44,-4.49,2.50,36.38,3.56,-6.06,-12.56,-2.25,-0.23,-9.24,-3.25,100732.12,25.68
-0.40,-7.48,-4.45,2.50,36.38,3.56,-10.88,-7.31,-5.25,-0.22,-9.23,-3.30,100732.12,25.68
-0.43,-7.40,-3.81,2.00,35.38,3.69,-14.94,-6.44,-6.25,-0.21,-9.20,-3.37,100732.23,25.68
-0.39,-7.55,-3.87,2.00,35.38,3.69,-33.38,-10.06,-0.06,-0.21,-9.15,-3.50,100732.07,25.68
0.00,-7.90,-4.04,2.19,34.50,4.19,-38.63,-10.81,1.06,-0.23,-9.11,-3.61,100732.07,25.68
0.59,-7.95,-4.10,2.19,34.50,4.19,-26.37,-5.06,-3.31,-0.24,-9.05,-3.76,100731.95,25.68
0.60,-8.05,-3.85,1.19,34.00,4.37,-5.37,5.12,-5.94,-0.19,-9.02,-3.82,100731.82,25.68
0.33,-8.05,-3.50,2.19,33.25,4.75,1.06,8.50,-3.12,-0.17,-9.02,-3.82,100731.82,25.67
0.19,-8.40,-3.62,2.19,33.25,4.75,1.56,6.44,2.75,-0.16,-9.03,-3.81,100732.48,25.67
0.00,-9.06,-3.94,0.50,33.25,4.56,8.19,6.62,5.75,-0.18,-9.04,-3.77,100732.51,25.67
-0.50,-9.86,-4.20,0.50,33.25,4.56,17.87,9.31,5.69,-0.18,-9.06,-3.72,100732.51,25.67
-0.88,-10.35,-4.24,0.50,34.00,5.00,24.31,8.13,4.50,-0.19,-9.11,-3.62,100732.66,25.67
-0.66,-10.73,-4.69,0.00,33.75,4.56,21.37,7.69,2.87,-0.19,-9.15,-3.51,100733.26,25.67
-0.45,-10.78,-4.91,0.00,33.75,4.56,13.81,10.75,1.19,-0.18,-9.17,-3.44,100733.26,25.67
-0.33,-10.26,-4.03,-1.06,32.25,1.00,9.44,16.19,2.44,-0.17,-9.18,-3.42,100733.17,25.67
-0.18,-10.43,-4.76,-1.06,32.25,1.00,8.88,15.19,9.69,-0.18,-9.20,-3.36,100733.69,25.67
-0.23,-9.11,-4.42,-1.06,32.75,2.87,-1.69,19.87,6.06,-0.18,-9.20,-3.37,100733.69,25.66
-0.24,-8.43,-4.81,-1.06,32.75,2.87,-1.75,15.75,8.13,-0.18,-9.20,-3.38,100733.79,25.66
-0.45,-8.16,-4.87,0.37,33.19,0.88,-1.94,14.00,9.69,-0.20,-9.19,-3.39,100733.14,25.66
-0.83,-7.77,-4.56,0.37,33.19,0.88,-7.25,10.75,10.75,-0.22,-9.19,-3.40,100733.14,25.66
-0.63,-7.64,-4.32,0.19,33.69,0.56,-15.88,2.94,12.06,-0.26,-9.16,-3.47,100732.98,25.66
-0.15,-7.76,-4.30,-1.06,32.69,0.88,-18.50,-1.25,11.63,-0.32,-9.13,-3.55,100732.74,25.66
0.07,-7.80,-3.99,-1.06,32.69,0.88,-15.31,0.94,8.88,-0.36,-9.10,-3.62,100732.74,25.66
0.07,-7.73,-3.55,-1.87,32.25,1.06,-3.31,8.31,3.37,-0.36,-9.09,-3.64,100732.88,25.66
-0.17,-7.48,-2.81,-1.87,32.25,1.06,8.63,9.63,2.94,-0.36,-9.11,-3.60,100733.18,25.66
-0.28,-7.58,-2.50,-1.69,32.69,2.50,15.69,5.62,4.06,-0.36,-9.13,-3.56,100733.18,25.66
-0.35,-8.14,-2.68,-1.69,32.69,2.50,10.25,3.44,2.06,-0.37,-9.15,-3.50,100733.38,25.66
-0.12,-9.16,-2.91,-2.00,32.56,-0.06,-1.50,3.81,-1.50,-0.36,-9.15,-3.49,100733.07,25.65
-0.09,-9.61,-3.04,-2.00,32.56,-0.06,-5.50,4.19,-4.56,-0.35,-9.15,-3.50,100733.07,25.65
-0.41,-10.36,-3.58,-2.69,32.88,1.25,-3.25,2.94,-7.37,-0.31,-9.14,-3.52,100732.71,25.65
-0.78,-10.86,-4.30,-3.06,32.38,0.69,0.06,-0.81,-7.06,-0.27,-9.14,-3.53,100732.57,25.65
-0.97,-11.25,-4.95,-3.06,32.38,0.69,0.94,-3.69,-5.94,-0.25,-9.14,-3.52,100732.57,25.65
-0.85,-11.23,-5.49,-3.56,32.00,0.37,3.69,-8.06,-7.31,-0.24,-9.15,-3.51,100732.50,25.65
-1.18,-10.46,-5.06,-3.56,32.00,0.37,18.00,-14.75,-7.06,-0.22,-9.17,-3.45,100732.81,25.64
-0.80,-10.15,-5.22,-5.25,32.69,-0.25,24.37,-17.87,-6.06,-0.22,-9.20,-3.38,100732.81,25.64
-0.38,-8.98,-4.35,-5.25,32.69,-0.25,18.87,-11.44,-8.31,-0.21,-9.23,-3.28,100732.45,25.64
-0.16,-7.77,-4.56,-6.06,33.56,-1.00,11.31,-7.12,-3.31,-0.20,-9.26,-3.21,100732.04,25.64
-0.32,-7.81,-4.85,-6.06,33.56,-1.00,-8.38,-5.06,-0.88,-0.20,-9.26,-3.22,100732.04,25.63
-1.04,-7.68,-4.72,-6.00,34.38,-1.25,-49.19,-4.00,-0.37,-0.21,-9.20,-3.38,100732.19,25.63
-0.84,-7.63,-5.00,-6.25,34.69,-2.25,-58.31,-8.94,1.37,-0.22,-9.09,-3.66,100732.54,25.64
-0.50,-7.94,-5.22,-6.25,34.69,-2.25,-37.88,-9.31,-0.31,-0.24,-9.00,-3.86,100732.54,25.63
-0.10,-7.92,-4.77,-6.06,34.50,-0.25,-23.56,-6.31,-5.19,-0.23,-8.96,-3.97,100732.34,25.63
0.11,-7.52,-4.11,-6.06,34.50,-0.25,-5.19,-1.50,-13.69,-0.18,-8.94,-4.01,100732.28,25.63
0.45,-7.30,-3.49,-5.87,34.00,-0.06,2.44,-1.44,-13.88,-0.14,-8.94,-4.01,100732.28,25.63
0.35,-7.55,-3.25,-5.87,34.00,-0.06,7.50,-3.62,-10.75,-0.09,-8.95,-3.98,100732.84,25.63
-0.05,-8.33,-3.46,-6.19,32.88,0.88,0.13,-6.12,-5.12,-0.07,-8.96,-3.96,100732.37,25.63
-0.27,-9.21,-3.92,-6.19,32.88,0.88,-7.94,-7.12,0.69,-0.08,-8.95,-3.99,100732.37,25.63
-0.33,-10.21,-4.50,-7.19,34.56,0.50,-1.12,-5.44,3.62,-0.10,-8.94,-4.01,100732.45,25.63
-0.41,-11.01,-5.04,-8.06,33.56,0.69,22.06,1.06,4.25,-0.12,-8.97,-3.94,100732.29,25.63
-0.24,-11.07,-5.40,-8.06,33.56,0.69,42.25,6.06,7.75,-0.14,-9.02,-3.83,100732.29,25.62
0.00,-10.55,-5.29,-6.50,34.69,-0.88,41.63,7.75,15.19,-0.18,-9.10,-3.63,100732.46,25.62
-0.02,-10.35,-4.63,-6.50,34.69,-0.88,31.87,9.69,19.31,-0.25,-9.16,-3.47,100732.54,25.62
-0.30,-10.17,-3.68,-6.69,35.38,-1.50,31.56,9.13,22.44,-0.34,-9.21,-3.32,100732.54,25.62
0.16,-10.26,-3.98,-6.69,35.38,-1.50,27.12,9.63,22.31,-0.40,-9.24,-3.23,100732.02,25.62
-0.26,-9.05,-3.72,-6.00,35.06,-3.75,13.25,17.44,12.13,-0.46,-9.27,-3.14,100732.14,25.62
-0.61,-7.92,-4.37,-5.69,36.75,-5.56,5.31,13.06,7.31,-0.47,-9.28,-3.12,100732.14,25.62
-0.62,-7.43,-4.50,-5.69,36.75,-5.56,2.50,12.19,0.81,-0.46,-9.28,-3.11,100732.14,25.62
-0.53,-7.33,-4.57,-6.00,37.19,-4.00,-7.37,13.06,-4.37,-0.43,-9.28,-3.13,100731.47,25.62
-0.53,-7.12,-4.25,-6.00,37.19,-4.00,-18.75,11.38,-6.56,-0.40,-9.26,-3.18,100731.47,25.62
-0.36,-7.42,-3.65,-8.06,36.75,-5.56,-26.44,6.62,-8.50,-0.34,-9.22,-3.30,100731.56,25.62
-0.26,-7.77,-3.38,-8.06,36.75,-5.56,-18.00,3.37,-8.31,-0.30,-9.19,-3.40,100731.59,25.62
-0.32,-7.77,-2.87,-8.00,37.25,-4.50,-7.06,2.62,-7.25,-0.27,-9.18,-3.43,100731.59,25.62
-0.41,-7.69,-2.71,-8.00,37.25,-4.50,4.44,0.44,-5.19,-0.24,-9.18,-3.43,100731.77,25.62
-0.43,-7.76,-2.57,-8.25,36.88,-3.87,5.06,-2.06,-4.94,-0.22,-9.19,-3.40,100732.13,25.62
-0.26,-8.04,-2.66,-8.25,36.88,-3.87,3.19,-2.69,-6.75,-0.20,-9.19,-3.39,100732.13,25.61
0.13,-8.84,-2.93,-9.06,37.25,-3.37,-0.13,-1.94,-10.88,-0.15,-9.20,-3.38,100732.08,25.61
0.50,-9.74,-2.84,-9.19,36.88,-4.75,1.87,0.00,-12.81,-0.09,-9.20,-3.37,100732.02,25.61
0.54,-10.40,-3.11,-9.19,36.88,-4.75,8.25,-0.50,-9.19,-0.06,-9.21,-3.35,100732.02,25.61
0.12,-10.71,-3.54,-9.69,36.88,-5.19,6.87,-5.81,-1.37,-0.04,-9.22,-3.31,100731.99,25.61
-0.28,-11.41,-5.01,-9.69,36.88,-5.19,-1.50,-10.88,2.69,-0.07,-9.22,-3.31,100731.25,25.61
-0.26,-11.87,-5.64,-9.38,38.50,-4.37,2.00,-8.25,0.00,-0.08,-9.23,-3.31,100731.25,25.61
-1.24,-10.94,-4.50,-9.38,38.50,-4.37,24.87,-7.19,-2.50,-0.08,-9.25,-3.23,100731.66,25.61
-1.46,-10.67,-4.32,-9.69,37.69,-4.00,29.37,-19.31,4.94,-0.12,-9.30,-3.08,100731.89,25.61
-0.88,-10.28,-4.65,-9.69,37.69,-4.00,14.88,-20.37,-0.19,-0.15,-9.33,-3.01,100731.89,25.61
-0.04,-8.14,-4.12,-9.88,37.69,-4.69,3.50,-5.06,-6.75,-0.14,-9.33,-2.99,100732.15,25.61
0.53,-7.46,-4.53,-9.56,38.19,-5.50,-7.25,3.00,-9.25,-0.10,-9.33,-3.00,100731.34,25.60
-0.06,-7.44,-4.51,-9.56,38.19,-5.50,-30.00,6.37,-10.88,-0.06,-9.31,-3.07,100731.34,25.60
-0.23,-7.20,-4.18,-10.56,37.88,-6.06,-58.13,0.00,-6.87,-0.01,-9.19,-3.41,100731.49,25.60
0.03,-7.41,-4.58,-10.56,37.88,-6.06,-48.44,-8.50,0.75,-0.01,-9.13,-3.57,100731.64,25.60
0.08,-7.90,-4.51,-11.38,38.00,-4.50,-17.62,-10.81,2.94,-0.05,-9.08,-3.70,100731.64,25.59
0.12,-7.82,-3.83,-11.38,38.00,-4.50,8.56,-9.88,-0.25,-0.07,-9.08,-3.69,100732.10,25.59
0.22,-7.61,-3.10,-10.38,39.19,-3.00,18.69,-8.19,-1.50,-0.08,-9.11,-3.62,100732.17,25.59
0.30,-7.63,-2.70,-9.19,38.38,-2.75,17.37,-7.69,0.69,-0.09,-9.13,-3.56,100732.17,25.59
0.21,-8.20,-2.70,-9.19,38.38,-2.75,9.81,-7.69,5.25,-0.12,-9.15,-3.50,100732.69,25.59
-0.12,-8.95,-3.12,-10.19,37.88,-4.69,1.31,-6.75,8.63,-0.17,-9.16,-3.48,100732.75,25.59
-0.42,-10.31,-3.86,-10.19,37.88,-4.69,-2.12,-6.12,8.31,-0.20,-9.16,-3.48,100732.75,25.59
-0.40,-10.98,-4.33,-10.06,38.25,-4.00,4.19,-1.62,4.50,-0.24,-9.16,-3.48,100732.34,25.59
-0.53,-11.49,-4.78,-10.06,38.25,-4.00,23.81,8.38,-0.13,-0.24,-9.19,-3.40,100732.66,25.59
-0.44,-11.43,-4.81,-10.06,38.69,-3.69,33.25,11.56,-3.37,-0.20,-9.24,-3.25,100732.66,25.59
0.22,-10.90,-4.31,-10.06,38.69,-3.69,33.63,14.50,-8.25,-0.16,-9.28,-3.15,100732.30,25.59
0.20,-10.01,-3.34,-10.50,38.25,-4.50,24.31,18.81,-6.19,-0.07,-9.34,-2.97,100732.47,25.59
0.20,-9.61,-3.88,-10.50,38.56,-5.69,8.75,14.56,0.06,-0.05,-9.35,-2.92,100732.47,25.59
0.11,-8.84,-3.81,-10.50,38.56,-5.69,-17.50,15.69,-1.06,-0.03,-9.34,-2.98,100732.89,25.59
0.59,-7.63,-4.04,-9.25,38.69,-8.00,5.81,11.75,-0.62,0.00,-9.33,-3.01,100733.20,25.59
0.16,-7.68,-4.09,-9.25,38.69,-8.00,10.88,9.63,1.44,0.01,-9.34,-2.98,100733.20,25.58
-0.18,-7.89,-3.72,-9.69,38.88,-6.69,-18.75,1.19,3.94,0.00,-9.33,-3.01,100733.28,25.58
0.29,-8.13,-3.99,-10.06,38.06,-6.19,-49.00,-3.37,3.94,-0.02,-9.23,-3.28,100733.18,25.58
0.77,-8.14,-4.22,-10.06,38.06,-6.19,-43.88,4.12,-2.75,-0.01,-9.18,-3.43,100733.18,25.57
0.61,-7.99,-3.78,-9.69,38.06,-4.69,-19.31,13.13,-7.62,0.05,-9.12,-3.58,100733.70,25.57
-0.03,-8.06,-3.47,-9.69,38.06,-4.69,-7.69,10.31,-3.87,0.08,-9.11,-3.60,100734.09,25.57
0.05,-8.25,-3.30,-9.69,38.06,-3.06,-3.81,1.44,0.19,0.09,-9.10,-3.63,100734.09,25.57
0.33,-8.76,-3.32,-9.69,38.06,-3.06,7.75,0.00,-1.81,0.09,-9.11,-3.61,100733.80,25.57
0.56,-9.29,-3.22,-10.69,38.19,-2.69,18.44,2.31,-5.12,0.11,-9.14,-3.54,100733.66,25.57
0.50,-9.61,-3.14,-10.25,39.06,-3.37,20.75,3.31,-5.31,0.13,-9.16,-3.48,100733.66,25.56
0.29,-9.95,-3.57,-10.25,39.06,-3.37,17.00,1.62,-3.69,0.16,-9.20,-3.37,100733.02,25.56
-0.13,-9.96,-4.51,-9.88,38.06,-3.75,6.81,-3.75,-3.12,0.17,-9.22,-3.32,100733.32,25.56
-0.34,-10.38,-5.27,-9.88,38.06,-3.75,-2.37,-6.31,-4.19,0.18,-9.22,-3.32,100733.32,25.56
-0.69,-9.72,-4.52,-10.88,37.69,-4.50,-1.62,-4.81,-8.75,0.20,-9.21,-3.34,100734.13,25.56
-0.28,-9.45,-4.84,-10.56,37.69,-6.06,7.06,-15.56,-1.69,0.21,-9.22,-3.31,100733.77,25.56
0.29,-9.63,-5.39,-10.56,37.69,-6.06,-20.56,-16.87,-0.13,0.18,-9.21,-3.36,100733.77,25.56
0.35,-8.88,-5.05,-10.69,38.06,-4.87,-43.25,-4.12,-1.37,0.17,-9.14,-3.54,100733.39,25.56
-0.07,-8.56,-4.93,-10.69,38.06,-4.87,-25.56,-3.19,3.06,0.16,-9.08,-3.69,100733.11,25.56
-0.55,-8.79,-5.46,-11.38,38.00,-3.37,-14.00,-4.75,2.75,0.14,-9.06,-3.74,100733.11,25.56
-0.68,-8.32,-4.96,-11.38,38.00,-3.37,-19.25,-7.62,-2.87,0.13,-9.03,-3.82,100733.94,25.56
-0.21,-8.02,-4.54,-10.69,37.38,-3.00,-20.19,-12.13,-2.75,0.12,-8.97,-3.94,100733.63,25.56
0.16,-8.01,-4.15,-10.38,37.69,-2.50,-2.75,-14.50,-0.25,0.10,-8.96,-3.96,100733.63,25.55
0.39,-7.79,-3.42,-10.38,37.69,-2.50,15.56,-11.88,0.37,0.08,-8.98,-3.92,100734.09,25.55
0.28,-7.71,-3.04,-10.38,37.38,-2.37,19.44,-8.44,1.37,0.05,-9.02,-3.83,100734.07,25.55
0.11,-7.85,-2.84,-10.38,37.38,-2.37,11.63,-5.19,0.81,0.03,-9.05,-3.76,100734.07,25.55
-0.21,-8.41,-3.00,-10.38,37.56,-2.69,6.56,-2.19,0.19,0.03,-9.06,-3.72,100734.39,25.55
-0.32,-8.83,-3.34,-10.88,37.25,-2.25,4.06,1.31,-0.69,0.03,-9.07,-3.70,100734.48,25.55
-0.45,-9.72,-3.96,-10.88,37.25,-2.25,2.37,3.12,-1.50,0.04,-9.08,-3.69,100734.48,25.54
-0.44,-10.62,-4.53,-10.25,37.25,-2.69,7.31,7.12,-4.06,0.06,-9.09,-3.67,100734.45,25.54
-0.32,-10.84,-4.71,-10.25,37.25,-2.69,23.31,13.00,-8.06,0.13,-9.14,-3.54,100734.85,25.54
-0.04,-10.66,-4.86,-12.19,37.56,-2.69,32.13,15.56,-6.75,0.17,-9.17,-3.44,100734.85,25.54
0.34,-10.26,-4.23,-12.19,37.56,-2.69,24.37,18.37,-1.94,0.22,-9.22,-3.31,100734.95,25.54
0.53,-9.64,-4.56,-11.75,36.50,-3.06,8.31,18.81,6.06,0.24,-9.25,-3.24,100734.68,25.54
0.68,-9.66,-5.33,-11.75,36.50,-3.06,-14.94,20.12,7.81,0.24,-9.22,-3.31,100734.68,25.54
0.78,-9.27,-5.24,-11.00,36.38,-5.50,-32.38,31.44,-4.31,0.29,-9.16,-3.47,100733.99,25.54
0.40,-8.10,-4.27,-11.38,36.06,-4.00,-6.31,28.69,-2.12,0.35,-9.15,-3.49,100734.39,25.54
-0.23,-7.83,-4.09,-11.38,36.06,-4.00,22.12,11.38,9.56,0.35,-9.17,-3.43,100734.39,25.54
-0.50,-7.73,-3.66,-11.75,36.88,-5.25,1.62,-9.38,17.00,0.27,-9.20,-3.38,100733.77,25.54
-0.14,-7.35,-3.58,-11.75,36.88,-5.25,-17.44,-20.62,23.62,0.14,-9.18,-3.44,100733.33,25.54
0.23,-7.42,-3.83,-11.19,36.50,-4.25,-14.56,-19.62,24.75,0.00,-9.15,-3.51,100733.33,25.54
0.20,-7.65,-3.64,-11.19,36.50,-4.25,-3.00,-9.75,17.44,-0.07,-9.15,-3.52,100733.56,25.54
0.16,-7.59,-3.27,-10.75,36.50,-5.06,3.19,-0.88,10.13,-0.13,-9.15,-3.51,100733.63,25.55
0.20,-7.47,-2.84,-10.75,36.50,-5.06,2.12,1.75,9.44,-0.16,-9.15,-3.50,100733.63,25.55
0.24,-7.67,-2.88,-9.69,36.75,-5.06,-3.50,3.56,8.00,-0.20,-9.14,-3.52,100733.68,25.55
0.31,-8.06,-2.88,-9.56,37.19,-3.06,-1.00,7.56,0.44,-0.20,-9.14,-3.53,100733.86,25.55
0.21,-8.79,-3.11,-9.56,37.19,-3.06,6.37,10.13,-5.19,-0.16,-9.15,-3.51,100733.86,25.55
-0.08,-9.89,-3.93,-8.88,36.75,-4.19,0.37,7.31,-7.31,-0.10,-9.15,-3.50,100734.15,25.55
-0.23,-10.48,-4.63,-8.88,36.75,-4.19,-13.00,1.94,-10.38,-0.05,-9.13,-3.55,100734.23,25.55
-0.46,-11.15,-5.43,-10.38,37.56,-5.06,-8.56,-0.19,-10.75,-0.02,-9.12,-3.58,100734.23,25.54
-0.27,-11.61,-5.71,-9.69,36.75,-4.56,8.38,-1.12,-11.75,0.02,-9.13,-3.57,100734.23,25.54
-0.77,-10.46,-4.97,-9.69,36.75,-4.56,23.06,-3.75,-9.56,0.07,-9.16,-3.48,100734.09,25.54
-0.94,-10.18,-4.90,-10.06,37.50,-5.37,21.06,-15.19,1.62,0.04,-9.19,-3.39,100734.09,25.54
-0.28,-10.37,-5.94,-10.06,37.50,-5.37,-15.44,-16.31,-1.00,0.00,-9.18,-3.43,100734.09,25.54
0.29,-9.38,-5.08,-10.75,36.38,-5.37,-6.06,-2.81,-4.25,0.00,-9.16,-3.48,100733.60,25.53
-0.21,-8.48,-4.23,-10.75,36.38,-5.37,13.56,-0.81,-3.44,0.01,-9.17,-3.46,100733.60,25.53
-0.98,-7.78,-4.20,-11.06,36.38,-5.00,13.00,-4.87,-4.00,0.03,-9.20,-3.37,100733.59,25.53
-1.01,-7.47,-4.24,-9.69,36.38,-5.37,-22.94,-13.06,-1.19,0.01,-9.16,-3.48,100733.54,25.53
-0.44,-7.24,-4.19,-9.69,36.38,-5.37,-34.31,-16.56,0.94,0.00,-9.12,-3.58,100733.54,25.52
0.15,-7.39,-4.12,-10.50,36.38,-4.56,-5.25,-14.50,-0.81,-0.03,-9.09,-3.66,100733.60,25.52
0.26,-7.43,-3.54,-10.50,36.38,-4.56,17.25,-9.56,-4.94,-0.03,-9.11,-3.61,100733.43,25.52
0.35,-7.22,-2.77,-11.50,36.00,-4.56,17.87,-8.75,-2.81,-0.03,-9.15,-3.52,100733.43,25.51
0.52,-7.22,-2.38,-11.50,36.00,-4.56,10.38,-8.56,1.50,-0.05,-9.17,-3.46,100733.42,25.51
0.19,-7.89,-2.66,-11.50,36.38,-5.37,0.13,-8.06,3.81,-0.08,-9.18,-3.44,100733.43,25.51
-0.23,-9.45,-3.50,-11.75,36.38,-5.50,-5.44,-7.44,4.19,-0.10,-9.17,-3.45,100733.43,25.51
-0.25,-10.45,-4.10,-11.75,36.38,-5.50,-7.06,-3.56,0.75,-0.12,-9.16,-3.49,100733.56,25.51
-0.27,-11.00,-4.61,-10.56,36.00,-5.50,18.19,5.75,-0.88,-0.10,-9.17,-3.45,100733.86,25.51
-0.53,-10.90,-4.73,-10.56,36.00,-5.50,33.13,8.88,-0.31,-0.09,-9.21,-3.36,100733.86,25.50
-0.15,-10.85,-5.17,-10.50,35.69,-5.50,38.44,10.38,1.19,-0.08,-9.27,-3.18,100733.81,25.50
-0.23,-10.44,-4.43,-11.56,36.38,-7.06,26.69,15.75,0.06,-0.06,-9.32,-3.03,100733.70,25.50
-0.03,-9.91,-4.34,-11.56,36.38,-7.06,21.81,16.06,3.25,-0.05,-9.36,-2.92,100733.70,25.50
0.84,-9.58,-5.00,-11.50,37.25,-8.25,3.06,15.94,1.19,-0.04,-9.37,-2.87,100733.48,25.50
0.92,-8.52,-4.44,-11.50,37.25,-8.25,-13.13,25.00,-3.62,0.00,-9.36,-2.92,100733.21,25.50
0.67,-7.72,-4.16,-10.69,36.56,-9.19,-5.75,24.62,0.44,0.03,-9.35,-2.94,100733.21,25.50
0.16,-7.73,-4.57,-10.69,36.56,-9.19,2.19,18.25,8.56,0.02,-9.35,-2.94,100733.68,25.50
-0.10,-8.18,-5.07,-11.06,36.38,-9.19,-31.00,7.25,8.19,0.00,-9.32,-3.04,100733.14,25.50
0.34,-8.56,-5.47,-11.56,36.50,-8.38,-41.69,1.94,5.50,-0.01,-9.28,-3.16,100733.14,25.49
0.91,-8.68,-5.51,-11.56,36.50,-8.38,-24.06,3.12,-1.50,-0.01,-9.22,-3.32,100733.18,25.49
0.93,-8.35,-4.82,-12.00,36.50,-7.06,9.56,9.88,-5.00,0.01,-9.22,-3.32,100733.47,25.50
0.73,-7.91,-4.06,-12.00,36.50,-7.06,20.69,6.81,-0.62,0.04,-9.25,-3.23,100733.47,25.49
0.44,-7.92,-3.59,-12.00,36.50,-7.00,6.81,-3.12,7.81,0.01,-9.27,-3.17,100732.96,25.49
0.35,-8.22,-3.44,-11.56,36.19,-7.19,-3.56,-7.31,8.81,-0.03,-9.27,-3.18,100732.99,25.49
0.24,-8.25,-3.50,-11.56,36.19,-7.19,2.44,-5.56,6.25,-0.06,-9.27,-3.18,100732.99,25.49
0.17,-8.44,-3.44,-10.75,36.50,-8.00,16.31,-2.12,1.81,-0.07,-9.28,-3.15,100733.31,25.49
0.00,-8.59,-3.55,-10.75,36.50,-8.00,12.69,-1.81,-0.44,-0.06,-9.30,-3.09,100733.49,25.49
0.16,-8.79,-4.01,-11.56,37.25,-8.25,5.37,-3.75,-1.12,-0.06,-9.30,-3.09,100733.49,25.49
0.16,-9.48,-4.85,-11.56,37.25,-8.25,-0.88,-4.81,-3.69,-0.05,-9.30,-3.08,100734.41,25.49
0.00,-9.94,-5.00,-11.69,36.88,-8.69,6.06,-1.25,-11.38,-0.02,-9.31,-3.07,100734.03,25.48
-0.42,-9.51,-4.07,-12.38,36.50,-8.25,29.94,1.25,-18.94,0.06,-9.34,-2.97,100734.03,25.48
-0.35,-9.39,-4.11,-12.38,36.50,-8.25,40.81,-10.06,-13.50,0.13,-9.40,-2.78,100733.31,25.48
0.28,-9.70,-5.40,-12.06,36.19,-9.38,3.75,-13.50,-13.56,0.17,-9.42,-2.69,100733.01,25.47
0.40,-8.84,-4.89,-12.06,36.19,-9.38,-17.75,-3.56,-18.25,0.21,-9.41,-2.74,100733.01,25.47
-0.04,-8.69,-4.78,-13.06,35.75,-9.38,-7.12,2.69,-11.88,0.29,-9.39,-2.80,100732.72,25.47
-0.52,-8.72,-5.04,-13.06,35.75,-9.38,9.13,-0.06,-3.25,0.32,-9.39,-2.77,100732.27,25.47
-0.54,-8.72,-5.16,-14.56,35.06,-9.06,-13.63,-7.81,4.37,0.30,-9.39,-2.79,100732.27,25.46
-0.07,-9.06,-5.70,-14.56,35.06,-9.06,-31.31,-9.81,7.31,0.26,-9.35,-2.94,100732.23,25.46
0.15,-9.20,-5.50,-15.00,35.56,-9.50,-16.56,-1.25,4.44,0.22,-9.31,-3.06,100731.92,25.46
0.34,-8.78,-4.65,-14.00,34.88,-8.69,7.00,3.06,2.19,0.22,-9.31,-3.05,100731.92,25.45
0.52,-8.43,-3.89,-14.00,34.88,-8.69,27.31,5.87,3.25,0.21,-9.34,-2.95,100732.25,25.45
0.44,-8.20,-3.29,-13.56,35.69,-8.69,20.44,6.62,9.31,0.19,-9.38,-2.84,100732.12,25.45
0.23,-8.26,-2.99,-13.56,35.69,-8.69,2.81,6.06,14.13,0.13,-9.39,-2.82,100732.12,25.45
-0.10,-8.48,-2.95,-13.19,35.25,-8.00,2.06,5.62,16.31,0.08,-9.39,-2.82,100732.48,25.45
-0.61,-8.96,-2.98,-13.19,35.25,-8.00,10.63,3.06,19.62,0.00,-9.40,-2.78,100732.90,25.45
-0.79,-9.15,-3.04,-13.56,34.50,-9.19,12.81,0.06,22.44,-0.09,-9.42,-2.72,100732.90,25.45
-1.04,-9.16,-2.84,-13.56,34.50,-9.19,13.88,-2.44,22.69,-0.21,-9.43,-2.65,100732.65,25.45
-1.31,-9.61,-2.79,-12.88,36.00,-10.00,14.56,-8.13,20.50,-0.32,-9.45,-2.58,100732.20,25.45
-1.27,-9.91,-2.82,-11.00,35.88,-9.56,13.69,-11.06,18.62,-0.39,-9.46,-2.53,100732.20,25.44
-0.92,-9.78,-3.04,-11.00,35.88,-9.56,15.31,-13.19,13.75,-0.48,-9.47,-2.46,100732.28,25.44
-1.07,-9.84,-2.99,-11.38,35.69,-10.69,20.12,-13.06,10.00,-0.55,-9.49,-2.37,100732.29,25.44
-1.35,-10.00,-3.07,-11.38,35.69,-10.69,23.44,-15.44,9.38,-0.62,-9.52,-2.26,100732.29,25.44
-1.26,-10.00,-3.20,-11.00,35.25,-10.00,30.12,-21.00,10.06,-0.69,-9.54,-2.12,100732.16,25.44
-1.14,-10.32,-3.57,-11.00,35.25,-10.00,30.50,-24.81,16.06,-0.79,-9.57,-1.96,100731.80,25.44
-1.16,-10.12,-3.79,-11.25,35.56,-12.00,30.31,-27.50,21.75,-0.87,-9.58,-1.86,100731.80,25.43
-1.02,-10.07,-3.68,-10.88,35.56,-11.69,45.31,-29.12,26.44,-1.02,-9.61,-1.65,100731.88,25.43
-1.11,-9.73,-3.09,-10.88,35.56,-11.69,64.31,-31.94,29.19,-1.18,-9.63,-1.40,100731.69,25.43
-1.23,-9.53,-2.35,-9.19,34.25,-13.56,69.25,-40.81,35.81,-1.37,-9.65,-1.04,100731.69,25.43
-1.38,-9.55,-2.20,-9.19,34.25,-13.56,58.25,-47.13,43.13,-1.59,-9.65,-0.70,100731.80,25.43
-1.80,-9.52,-1.99,-9.69,34.38,-16.00,46.00,-44.75,43.13,-1.81,-9.62,-0.42,100731.33,25.42
-1.87,-9.46,-1.54,-9.69,34.38,-16.00,44.94,-42.06,39.38,-1.95,-9.60,-0.25,100731.33,25.42
-1.69,-9.63,-1.12,-7.50,34.69,-17.56,51.56,-33.00,26.62,-2.10,-9.57,0.02,100731.09,25.42
-2.10,-9.68,-0.36,-6.50,34.88,-16.87,50.13,-26.81,14.75,-2.19,-9.55,0.30,100731.21,25.42
-2.38,-9.58,0.09,-6.50,34.88,-16.87,43.00,-26.75,3.94,-2.22,-9.53,0.55,100731.21,25.42
-2.53,-8.75,0.70,-6.75,33.56,-19.06,43.88,-31.31,-2.50,-2.21,-9.52,0.79,100731.90,25.42
-2.88,-8.67,0.75,-6.75,33.56,-19.06,42.94,-38.06,-5.56,-2.17,-9.50,1.04,100732.17,25.42
-3.12,-8.93,0.97,-7.00,33.88,-19.75,36.25,-45.56,-6.37,-2.11,-9.49,1.27,100732.17,25.42
-3.00,-9.24,0.78,-7.00,33.88,-19.75,28.31,-55.63,-7.25,-2.06,-9.48,1.40,100732.09,25.42
-2.57,-9.63,0.35,-7.69,33.00,-20.00,29.06,-57.44,-13.56,-1.97,-9.47,1.59,100731.67,25.42
-2.48,-9.55,0.30,-7.69,33.00,-20.00,30.00,-54.88,-18.06,-1.88,-9.46,1.73,100731.67,25.42
-2.02,-9.28,0.80,-8.50,33.19,-21.75,40.19,-45.88,-14.00,-1.71,-9.44,2.01,100731.14,25.42
-1.56,-9.27,1.15,-9.50,32.25,-22.19,46.25,-38.75,1.50,-1.64,-9.39,2.26,100731.02,25.42
-1.33,-9.07,2.26,-9.50,32.25,-22.19,44.00,-33.19,10.31,-1.65,-9.33,2.50,100731.02,25.42
-1.53,-9.59,3.20,-9.75,32.50,-21.00,39.13,-26.75,17.94,-1.68,-9.29,2.64,100730.98,25.42
-1.73,-9.52,3.13,-9.75,32.50,-21.00,22.87,-22.06,15.06,-1.73,-9.23,2.80,100731.05,25.42
-1.68,-8.78,3.43,-10.69,31.00,-22.25,14.00,-18.25,8.00,-1.74,-9.20,2.88,100731.05,25.42
-1.84,-7.74,3.55,-10.69,31.00,-22.25,19.69,-16.37,2.62,-1.73,-9.18,2.95,100731.36,25.42
-1.79,-6.85,3.76,-11.06,31.00,-22.50,32.31,-13.38,0.56,-1.72,-9.14,3.09,100730.98,25.42
-1.69,-5.76,4.48,-11.06,31.00,-22.50,32.06,-10.69,0.88,-1.70,-9.09,3.25,100730.98,25.42
-1.76,-6.42,4.89,-10.69,30.19,-23.25,12.06,-6.12,1.12,-1.70,-9.07,3.31,100731.27,25.42
-1.98,-6.83,4.68,-9.75,30.00,-23.69,-28.31,-1.81,2.25,-1.71,-9.11,3.18,100730.98,25.42
-1.91,-7.22,4.32,-9.75,30.00,-23.69,-57.44,2.25,-2.94,-1.70,-9.17,3.01,100730.98,25.42
-1.84,-7.46,3.67,-10.50,30.25,-21.50,-57.25,6.69,-10.56,-1.67,-9.26,2.73,100731.52,25.42
-1.71,-7.46,3.53,-10.50,30.25,-21.50,-47.81,10.44,-15.44,-1.62,-9.34,2.48,100731.79,25.42
-1.40,-7.71,3.55,-11.38,32.00,-21.06,-47.69,13.13,-18.25,-1.55,-9.41,2.25,100731.79,25.41
-1.41,-8.13,3.59,-10.25,31.69,-19.50,-63.25,17.00,-18.75,-1.48,-9.49,1.97,100732.14,25.41
-1.48,-9.05,3.10,-10.25,31.69,-19.50,-83.69,21.94,-22.31,-1.40,-9.57,1.58,100732.97,25.41
-1.48,-10.18,2.48,-10.38,32.75,-17.50,-91.06,26.87,-26.12,-1.33,-9.63,1.27,100732.97,25.41
-1.66,-11.96,1.31,-10.38,32.75,-17.50,-91.69,29.19,-25.00,-1.21,-9.69,0.80,100733.14,25.41
-1.25,-13.30,-0.12,-11.56,33.50,-14.00,-78.94,32.19,-26.19,-1.10,-9.73,0.37,100733.41,25.41
-1.16,-13.36,-0.38,-11.56,33.50,-14.00,-44.44,38.63,-23.62,-0.98,-9.75,0.07,100733.41,25.40
-1.22,-13.21,-0.96,-11.69,35.25,-10.88,-9.25,35.44,-11.75,-0.89,-9.76,-0.04,100733.99,25.40
-0.99,-11.62,-1.44,-11.75,35.75,-11.88,1.81,30.44,0.37,-0.88,-9.76,-0.05,100733.28,25.40
-1.10,-10.49,-1.51,-11.75,35.75,-11.88,0.44,29.37,8.31,-0.92,-9.76,-0.07,100733.28,25.39
-1.14,-9.37,-1.86,-13.25,36.19,-12.25,-5.94,28.87,20.00,-0.98,-9.75,-0.09,100733.44,25.39
-0.95,-8.60,-1.90,-13.25,36.19,-12.25,-8.00,29.12,23.50,-1.09,-9.74,-0.15,100733.77,25.39
-0.73,-8.24,-1.82,-11.50,35.38,-12.19,-3.37,25.50,16.94,-1.18,-9.73,-0.19,100733.77,25.38
-0.60,-7.98,-1.71,-11.50,35.38,-12.19,-6.50,21.69,11.50,-1.24,-9.72,-0.22,100733.66,25.38
-0.39,-8.15,-1.58,-9.69,36.56,-12.19,-25.69,21.00,8.38,-1.29,-9.71,-0.33,100734.09,25.38
-0.59,-8.54,-1.13,-9.69,36.56,-12.19,-36.25,20.62,6.62,-1.31,-9.70,-0.45,100734.09,25.37
-0.63,-8.96,-1.05,-8.88,36.56,-12.00,-38.69,22.06,4.37,-1.33,-9.69,-0.66,100733.63,25.37
-0.79,-9.18,-0.77,-8.50,36.56,-10.88,-33.69,26.69,2.44,-1.33,-9.67,-0.85,100733.61,25.37
-0.95,-9.11,-0.61,-8.50,36.56,-10.88,-31.06,30.25,1.00,-1.32,-9.66,-1.02,100733.61,25.36
-1.23,-8.84,-0.68,-9.19,37.75,-10.06,-29.81,31.37,0.13,-1.31,-9.65,-1.13,100733.66,25.36
-1.30,-8.75,-0.99,-9.19,37.75,-10.06,-32.56,28.25,0.44,-1.29,-9.62,-1.37,100734.07,25.36
-1.34,-9.11,-1.27,-7.69,37.38,-9.25,-33.44,21.37,1.12,-1.28,-9.60,-1.49,100734.07,25.36
-1.27,-9.30,-1.23,-7.69,37.38,-9.25,-27.62,13.88,0.75,-1.27,-9.58,-1.64,100734.00,25.36
-1.20,-9.90,-1.30,-8.69,37.00,-7.87,-19.56,7.44,-1.06,-1.26,-9.56,-1.75,100733.51,25.35
-0.84,-10.65,-1.39,-8.69,37.00,-7.87,-18.00,5.87,-1.81,-1.25,-9.55,-1.82,100733.51,25.35
-0.99,-11.18,-1.43,-7.87,37.06,-7.25,-14.44,8.31,-0.19,-1.24,-9.53,-1.90,100733.17,25.35
-1.34,-11.66,-1.73,-8.50,37.06,-5.56,-5.31,7.69,3.37,-1.25,-9.52,-1.95,100733.63,25.35
-1.50,-11.73,-1.82,-8.50,37.06,-5.56,3.44,5.31,4.50,-1.26,-9.52,-1.94,100733.63,25.35
-1.88,-11.84,-1.63,-7.19,37.56,-5.87,23.56,-6.50,7.37,-1.29,-9.53,-1.87,100733.80,25.35
-1.85,-11.63,-1.47,-7.19,37.56,-5.87,33.44,-18.31,7.81,-1.33,-9.55,-1.73,100733.81,25.35
-1.92,-11.31,-2.03,-7.19,37.00,-7.87,14.88,-21.94,8.06,-1.39,-9.57,-1.59,100733.81,25.34
-1.45,-10.52,-3.14,-7.19,37.00,-7.87,-19.75,-15.00,2.25,-1.43,-9.56,-1.62,100732.66,25.34
-1.62,-9.27,-3.92,-6.87,38.00,-7.75,-22.37,-7.00,-3.75,-1.43,-9.54,-1.74,100732.37,25.34
-1.65,-8.19,-3.70,-6.87,38.00,-7.75,-1.75,-3.00,-7.37,-1.41,-9.54,-1.76,100732.37,25.34
-1.80,-7.60,-3.59,-7.69,37.56,-6.69,13.06,1.31,-7.19,-1.36,-9.56,-1.67,100732.27,25.34
-1.79,-7.61,-3.25,-5.75,38.00,-7.50,-28.37,-0.13,-5.31,-1.33,-9.55,-1.73,100732.52,25.33
-1.72,-8.13,-2.64,-5.75,38.00,-7.50,-51.69,2.00,-5.00,-1.31,-9.53,-1.88,100732.52,25.33
-1.77,-8.32,-2.36,-7.00,38.00,-5.87,-56.44,4.50,-8.69,-1.27,-9.47,-2.16,100732.46,25.33
-1.61,-8.54,-2.31,-7.00,38.00,-5.87,-38.56,2.81,-15.13,-1.20,-9.43,-2.38,100732.84,25.33
-1.12,-8.35,-2.41,-7.25,38.00,-5.19,-29.19,2.69,-19.87,-1.11,-9.40,-2.52,100732.84,25.32
-0.78,-7.92,-2.18,-7.25,38.00,-5.19,-26.75,1.87,-22.00,-1.00,-9.38,-2.65,100732.35,25.32
-0.37,-7.69,-2.38,-7.25,38.38,-4.37,-34.56,1.50,-17.69,-0.91,-9.34,-2.81,100733.16,25.32
-0.51,-8.21,-2.46,-8.75,38.00,-2.06,-36.50,4.12,-15.56,-0.86,-9.31,-2.92,100733.16,25.32
-0.55,-8.91,-2.74,-8.75,38.00,-2.06,-35.75,9.63,-12.81,-0.76,-9.25,-3.15,100733.52,25.32
-0.47,-9.30,-2.78,-9.75,37.25,-1.25,-27.37,15.69,-6.56,-0.69,-9.20,-3.30,100734.21,25.32
-0.56,-9.97,-2.94,-9.75,37.25,-1.25,-22.06,17.37,-2.50,-0.66,-9.18,-3.38,100734.21,25.31
-0.53,-10.66,-3.56,-9.25,37.75,0.00,-15.81,19.37,2.56,-0.63,-9.14,-3.47,100734.21,25.31
-0.65,-11.09,-4.23,-8.06,38.69,0.37,-6.56,21.50,4.44,-0.62,-9.13,-3.52,100734.24,25.31
-0.69,-11.21,-4.51,-8.06,38.69,0.37,6.81,22.69,5.81,-0.60,-9.13,-3.52,100734.24,25.31
-0.91,-11.70,-4.80,-9.56,38.19,-0.56,20.00,27.19,5.25,-0.58,-9.15,-3.45,100733.95,25.31
-0.97,-11.49,-4.28,-9.56,38.19,-0.56,26.06,32.75,4.19,-0.55,-9.20,-3.34,100733.88,25.30
-0.92,-10.55,-5.39,-9.56,38.19,-1.25,14.56,34.63,4.56,-0.52,-9.22,-3.29,100733.88,25.30
-1.05,-9.31,-6.11,-9.56,38.19,-1.25,-15.13,34.50,4.00,-0.49,-9.21,-3.33,100734.11,25.30
-1.23,-8.49,-5.99,-8.88,38.50,-2.06,-3.31,26.94,1.25,-0.43,-9.17,-3.42,100733.86,25.30
-0.97,-8.03,-5.66,-9.38,38.50,-2.87,16.94,18.69,1.31,-0.41,-9.19,-3.39,100733.86,25.29
-0.30,-7.42,-5.14,-9.38,38.50,-2.87,28.37,7.56,5.56,-0.41,-9.23,-3.26,100734.15,25.29
-0.08,-7.29,-4.76,-8.00,38.50,-1.69,7.37,1.25,10.00,-0.45,-9.26,-3.19,100733.83,25.29
-0.01,-7.46,-4.56,-8.00,38.50,-1.69,-17.25,-0.13,10.75,-0.50,-9.24,-3.23,100733.83,25.29
-0.48,-7.79,-3.96,-8.56,38.50,-3.00,-17.44,6.19,8.50,-0.53,-9.20,-3.33,100733.59,25.29
-0.69,-7.63,-3.36,-7.87,39.19,-2.56,-3.69,10.69,6.62,-0.55,-9.19,-3.37,100733.48,25.28
-0.83,-7.54,-3.15,-7.87,39.19,-2.56,0.00,9.69,8.44,-0.57,-9.18,-3.37,100733.48,25.28
-0.88,-7.65,-3.05,-6.50,38.75,-3.25,-7.37,2.81,12.06,-0.61,-9.17,-3.39,100733.53,25.28
-0.83,-7.72,-3.26,-6.50,38.75,-3.25,-14.81,-3.56,10.50,-0.66,-9.15,-3.45,100733.85,25.29
-0.91,-7.98,-3.52,-7.37,40.00,-2.69,-16.87,-7.44,3.25,-0.71,-9.12,-3.53,100733.85,25.29
-1.03,-8.69,-3.74,-7.37,40.00,-2.69,-19.75,-10.31,-6.12,-0.71,-9.08,-3.61,100733.38,25.29
-0.55,-9.29,-3.92,-7.50,39.25,-0.75,-22.37,-11.63,-14.75,-0.68,-9.05,-3.71,100732.84,25.29
-0.45,-9.60,-3.92,-7.50,39.25,-0.75,-19.50,-10.81,-18.75,-0.63,-9.02,-3.77,100732.84,25.29
-0.30,-10.06,-4.05,-7.69,38.56,-1.50,-8.38,-11.38,-20.56,-0.54,-9.00,-3.84,100732.92,25.29
-0.21,-10.35,-4.38,-8.38,38.88,-1.87,-1.37,-14.94,-17.69,-0.48,-9.00,-3.85,100732.81,25.29
-0.37,-10.76,-4.96,-8.38,38.88,-1.87,3.00,-18.56,-15.38,-0.45,-9.00,-3.84,100732.81,25.29
-0.44,-10.84,-5.34,-9.56,38.75,-2.25,15.19,-22.19,-15.13,-0.43,-9.03,-3.79,100732.74,25.29
-0.55,-10.54,-5.39,-9.56,38.75,-2.25,34.50,-22.75,-17.87,-0.38,-9.11,-3.60,100732.69,25.29
-0.53,-10.13,-6.08,-10.06,38.69,-1.00,34.81,-24.56,-17.81,-0.35,-9.15,-3.48,100732.69,25.29
-0.27,-9.47,-6.09,-10.06,38.50,-1.87,18.50,-20.69,-17.31,-0.31,-9.20,-3.37,100733.07,25.29
-0.27,-8.94,-5.88,-10.06,38.50,-1.87,14.69,-12.94,-17.06,-0.23,-9.24,-3.27,100733.25,25.29
-0.66,-7.94,-5.18,-11.56,38.75,-2.25,29.25,-8.06,-15.94,-0.19,-9.27,-3.19,100733.25,25.29
-1.08,-7.42,-4.77,-11.56,38.75,-2.25,35.63,-10.38,-8.31,-0.15,-9.32,-3.02,100733.51,25.29
-1.23,-7.28,-4.58,-10.88,38.75,-3.37,16.94,-11.31,-1.06,-0.16,-9.36,-2.90,100733.48,25.29
-0.88,-7.43,-4.38,-10.88,38.75,-3.37,-1.94,-13.56,-0.88,-0.17,-9.36,-2.90,100733.48,25.29
-0.21,-7.75,-4.36,-12.19,38.69,-3.75,-9.50,-11.25,-5.19,-0.17,-9.34,-2.96,100733.25,25.29
-0.14,-7.87,-4.12,-11.19,38.00,-4.19,8.38,-7.37,-3.81,-0.16,-9.35,-2.95,100733.13,25.29
0.07,-7.96,-3.73,-11.19,38.00,-4.19,15.00,-5.12,-1.37,-0.16,-9.36,-2.90,100733.13,25.29
0.35,-7.92,-3.69,-12.88,38.69,-4.50,7.62,-2.19,2.37,-0.17,-9.38,-2.85,100733.13,25.29
0.37,-8.11,-3.76,-12.88,38.69,-4.50,-5.69,6.19,4.62,-0.19,-9.37,-2.86,100732.91,25.29
0.07,-8.29,-4.01,-12.06,38.50,-4.87,-16.31,15.31,6.06,-0.17,-9.33,-3.00,100732.91,25.29
-0.07,-8.68,-4.35,-11.69,38.06,-4.87,-21.94,20.06,10.25,-0.18,-9.30,-3.10,100732.85,25.29
