Accel_X,Accel_Y,Accel_Z,Magneto_X,Magneto_Y,Magneto_Z,Gyro_X,Gyro_Y,Gyro_Z,Gravity_X,Gravity_Y,Gravity_Z,Quaternion_W,Quaternion_X,Quaternion_Y,Quaternion_Z,Pressure,Temperature,Time
0.3199999928474426,0.7900000214576721,9.720000267028809,-14.0,15.375,-48.1875,-0.0625,0.8125,1.3125,0.3499999940395355,0.8999999761581421,9.75,0.87396240234375,0.031494140625,-0.03826904296875,-0.4833984375,83064.8515625,23.358642578125,24955.0
0.28999999165534973,0.7300000190734863,9.760000228881836,-12.875,15.75,-48.1875,-0.1875,-0.3125,0.6875,0.3499999940395355,0.8999999761581421,9.75,0.8740234375,0.0313720703125,-0.03851318359375,-0.4832763671875,100584.6796875,26.486698150634766,24995.0
0.4000000059604645,0.7900000214576721,9.6899995803833,-13.25,16.0625,-48.5625,0.0,-0.3125,0.125,0.36000001430511475,0.8999999761581421,9.75,0.8740234375,0.0313720703125,-0.03851318359375,-0.4832763671875,100583.84375,26.506893157958984,25035.0
0.36000001430511475,0.8199999928474426,9.710000038146973,-12.5625,15.375,-49.75,0.5,0.125,0.4375,0.36000001430511475,0.8999999761581421,9.75,0.87408447265625,0.0313720703125,-0.03851318359375,-0.48321533203125,100582.8828125,26.53704071044922,25075.0
0.4099999964237213,0.8399999737739563,9.6899995803833,-12.5625,15.375,-49.75,0.1875,0.0625,0.625,0.36000001430511475,0.8999999761581421,9.75,0.87420654296875,0.0313720703125,-0.03851318359375,-0.4830322265625,100582.21875,26.572921752929688,25115.0
0.4099999964237213,0.7599999904632568,9.699999809265137,-12.875,15.375,-48.5625,0.25,0.4375,0.9375,0.36000001430511475,0.8999999761581421,9.75,0.87445068359375,0.03143310546875,-0.038330078125,-0.48260498046875,100581.4609375,26.60790252685547,25155.0
0.3400000035762787,0.7300000190734863,9.6899995803833,-11.75,15.75,-49.75,0.875,0.9375,1.3125,0.3499999940395355,0.8999999761581421,9.75,0.87457275390625,0.0318603515625,-0.038330078125,-0.4822998046875,100580.140625,26.63817596435547,25195.0
0.3100000023841858,0.7900000214576721,9.729999542236328,-13.25,15.375,-48.1875,2.4375,1.25,1.4375,0.3499999940395355,0.9100000262260437,9.75,0.874755859375,0.03277587890625,-0.03839111328125,-0.48187255859375,100580.0546875,26.668394088745117,25235.0
0.3400000035762787,0.9200000166893005,9.720000267028809,-12.875,15.0,-49.0625,3.0625,0.9375,0.1875,0.3400000035762787,0.9300000071525574,9.75,0.874755859375,0.03375244140625,-0.03863525390625,-0.48187255859375,100579.125,26.695096969604492,25275.0
0.27000001072883606,1.0199999809265137,9.720000267028809,-12.875,15.0,-49.0625,2.125,0.6875,-0.5625,0.3400000035762787,0.949999988079071,9.75,0.87469482421875,0.03436279296875,-0.038818359375,-0.48193359375,100578.046875,26.71857261657715,25315.0
0.27000001072883606,0.9599999785423279,9.6899995803833,-12.5625,15.75,-47.75,0.875,-0.125,-1.0625,0.3400000035762787,0.9599999785423279,9.75,0.87451171875,0.0345458984375,-0.03887939453125,-0.48223876953125,100577.5078125,26.73965072631836,25355.0
0.28999999165534973,0.9100000262260437,9.6899995803833,-12.1875,15.75,-48.5625,0.0,-0.8125,-1.125,0.3400000035762787,0.9599999785423279,9.75,0.874267578125,0.034423828125,-0.0391845703125,-0.482666015625,100576.8203125,26.755464553833008,25395.0
0.33000001311302185,0.8500000238418579,9.729999542236328,-12.875,15.75,-48.5625,0.0625,-1.0,-1.5625,0.3400000035762787,0.9599999785423279,9.75,0.87396240234375,0.03424072265625,-0.03948974609375,-0.483154296875,100576.0703125,26.769041061401367,25435.0
0.3799999952316284,0.8500000238418579,9.680000305175781,-12.1875,15.0,-47.875,0.4375,-1.25,-1.3125,0.3499999940395355,0.9599999785423279,9.75,0.873779296875,0.03411865234375,-0.03985595703125,-0.4835205078125,100575.328125,26.779804229736328,25475.0
0.4000000059604645,0.8399999737739563,9.6899995803833,-12.1875,15.0,-47.875,1.1875,-1.0625,0.375,0.36000001430511475,0.9599999785423279,9.75,0.87384033203125,0.03436279296875,-0.0404052734375,-0.48333740234375,100575.1484375,26.791343688964844,25515.0
0.44999998807907104,0.949999988079071,9.6899995803833,-12.875,15.75,-47.75,1.5,-0.6875,3.1875,0.3700000047683716,0.9700000286102295,9.75,0.87445068359375,0.03460693359375,-0.04083251953125,-0.482177734375,100575.1015625,26.801729202270508,25555.0
0.4399999976158142,0.9300000071525574,9.680000305175781,-14.375,14.5625,-47.375,0.875,-0.1875,7.375,0.3700000047683716,0.9800000190734863,9.75,0.87567138671875,0.03472900390625,-0.04107666015625,-0.47991943359375,100575.3203125,26.811248779296875,25595.0
0.4099999964237213,0.9200000166893005,9.6899995803833,-14.0,15.75,-49.0,1.125,0.625,11.0625,0.3799999952316284,0.9800000190734863,9.739999771118164,0.8775634765625,0.03497314453125,-0.0411376953125,-0.47637939453125,100574.796875,26.817811965942383,25635.0
0.3400000035762787,0.9300000071525574,9.729999542236328,-12.5625,15.375,-48.1875,1.75,1.0,15.6875,0.3799999952316284,0.9800000190734863,9.739999771118164,0.880126953125,0.03533935546875,-0.04132080078125,-0.47161865234375,100574.8984375,26.823888778686523,25675.0
0.3700000047683716,0.8600000143051147,9.760000228881836,-12.5625,15.375,-48.1875,1.1875,0.0625,18.875,0.38999998569488525,0.9900000095367432,9.739999771118164,0.8831787109375,0.03546142578125,-0.041748046875,-0.46588134765625,100574.703125,26.82727813720703,25715.0
0.4399999976158142,1.0399999618530273,9.670000076293945,-12.875,15.75,-48.1875,1.5625,-0.3125,21.375,0.4000000059604645,0.9900000095367432,9.739999771118164,0.8865966796875,0.0355224609375,-0.04217529296875,-0.45928955078125,100574.6875,26.830991744995117,25755.0
0.44999998807907104,1.0,9.65999984741211,-12.5625,15.0,-49.75,-0.0625,0.25,25.3125,0.41999998688697815,0.9900000095367432,9.739999771118164,0.89056396484375,0.03515625,-0.04248046875,-0.45147705078125,100574.2109375,26.833192825317383,25795.0
0.4699999988079071,1.0399999618530273,9.680000305175781,-12.875,15.375,-48.5625,-1.625,0.0625,32.125,0.4399999976158142,0.9800000190734863,9.739999771118164,0.8956298828125,0.03411865234375,-0.0426025390625,-0.44140625,100573.9296875,26.834274291992188,25835.0
0.6399999856948853,0.7400000095367432,9.6899995803833,-12.1875,15.75,-49.0,-1.6875,1.6875,41.6875,0.46000000834465027,0.949999988079071,9.739999771118164,0.9019775390625,0.033447265625,-0.04248046875,-0.42840576171875,100573.7109375,26.83622169494629,25875.0
0.20999999344348907,0.14000000059604645,9.670000076293945,-12.1875,15.75,-49.0,8.0,-0.75,50.375,0.47999998927116394,0.949999988079071,9.739999771118164,0.90924072265625,0.034912109375,-0.0438232421875,-0.4124755859375,100573.8671875,26.838275909423828,25915.0
0.5299999713897705,0.6800000071525574,9.75,-11.0625,16.5,-49.0625,1.3125,2.375,59.125,0.5,0.9700000286102295,9.739999771118164,0.91741943359375,0.03497314453125,-0.04425048828125,-0.39385986328125,100573.921875,26.839231491088867,25955.0
0.7300000190734863,1.0,9.729999542236328,-9.25,17.1875,-48.5625,5.8125,1.4375,67.8125,0.5400000214576721,0.9700000286102295,9.739999771118164,0.9263916015625,0.03582763671875,-0.0452880859375,-0.37213134765625,100573.5546875,26.840530395507812,25995.0
0.7699999809265137,0.8600000143051147,9.649999618530273,-9.25,16.75,-47.375,6.0,4.125,77.5,0.5699999928474426,0.9800000190734863,9.739999771118164,0.9359130859375,0.03704833984375,-0.045654296875,-0.34722900390625,100573.9609375,26.8426570892334,26035.0
0.6100000143051147,1.0700000524520874,9.649999618530273,-9.25,16.75,-47.375,4.125,3.6875,85.6875,0.6000000238418579,0.9800000190734863,9.729999542236328,0.94561767578125,0.03729248046875,-0.04608154296875,-0.31976318359375,100574.0625,26.843090057373047,26075.0
0.6700000166893005,1.0199999809265137,9.6899995803833,-8.1875,17.1875,-48.5625,2.75,1.6875,89.75,0.6399999856948853,0.9700000286102295,9.729999542236328,0.95489501953125,0.03692626953125,-0.04693603515625,-0.290771484375,100574.4453125,26.84514617919922,26115.0
0.699999988079071,1.0,9.6899995803833,-6.6875,17.1875,-49.0625,1.0,1.875,91.4375,0.6899999976158142,0.9399999976158142,9.729999542236328,0.96343994140625,0.03607177734375,-0.04766845703125,-0.2611083984375,100574.484375,26.845542907714844,26155.0
0.75,0.8700000047683716,9.670000076293945,-4.5,18.25,-48.25,2.0,0.6875,91.25,0.7400000095367432,0.8999999761581421,9.729999542236328,0.97100830078125,0.0352783203125,-0.048828125,-0.2313232421875,100574.1484375,26.847002029418945,26195.0
0.8799999952316284,1.059999942779541,9.699999809265137,-3.375,19.0,-48.1875,1.75,-0.375,89.6875,0.7900000214576721,0.8700000047683716,9.729999542236328,0.97747802734375,0.03399658203125,-0.05010986328125,-0.20208740234375,100574.4375,26.848085403442383,26235.0
0.9399999976158142,1.0,9.649999618530273,-3.375,19.0,-48.1875,-1.0,-1.3125,87.625,0.8500000238418579,0.8199999928474426,9.729999542236328,0.9830322265625,0.03179931640625,-0.051513671875,-0.17327880859375,100574.421875,26.85120391845703,26275.0
0.8399999737739563,0.7699999809265137,9.6899995803833,-3.1875,19.5,-49.375,-3.125,-2.8125,86.5,0.9100000262260437,0.75,9.729999542236328,0.98760986328125,0.029052734375,-0.0533447265625,-0.14453125,100574.5,26.852394104003906,26315.0
1.0199999809265137,0.5299999713897705,9.65999984741211,-2.0,19.75,-48.6875,-3.9375,-5.5,87.5,0.9800000190734863,0.6700000166893005,9.729999542236328,0.99139404296875,0.0260009765625,-0.05584716796875,-0.11541748046875,100574.6875,26.85270118713379,26355.0
1.3200000524520874,0.699999988079071,9.65999984741211,0.0625,19.25,-49.875,-5.125,-5.5625,87.6875,1.059999942779541,0.5799999833106995,9.729999542236328,0.99432373046875,0.02227783203125,-0.05816650390625,-0.08612060546875,100575.1640625,26.853511810302734,26395.0
1.309999942779541,0.33000001311302185,9.720000267028809,1.1875,19.0,-48.5625,-6.5625,-3.875,87.6875,1.1100000143051147,0.5,9.729999542236328,0.99639892578125,0.01812744140625,-0.05975341796875,-0.05718994140625,100575.0859375,26.853548049926758,26435.0
1.2599999904632568,0.10999999940395355,9.65999984741211,1.1875,19.0,-48.5625,-5.25,-3.75,83.875,1.149999976158142,0.38999998569488525,9.720000267028809,0.99755859375,0.01458740234375,-0.06146240234375,-0.02923583984375,100575.4453125,26.855873107910156,26475.0
1.5800000429153442,0.05000000074505806,9.5600004196167,1.5625,18.25,-48.1875,-9.0625,-1.0625,82.5,1.2000000476837158,0.25,9.720000267028809,0.99798583984375,0.0101318359375,-0.06243896484375,-0.001953125,100575.140625,26.857046127319336,26515.0
1.340000033378601,-0.49000000953674316,9.579999923706055,3.0625,18.875,-49.375,-5.125,-2.5625,76.75,1.2300000190734863,0.14000000059604645,9.720000267028809,0.9976806640625,0.0072021484375,-0.0638427734375,0.0233154296875,100574.671875,26.857351303100586,26555.0
1.9500000476837158,0.07000000029802322,9.65999984741211,6.0625,18.875,-48.5625,-1.1875,-6.75,69.4375,1.2699999809265137,0.07000000029802322,9.720000267028809,0.99676513671875,0.0050048828125,-0.06561279296875,0.0460205078125,100574.328125,26.85585594177246,26595.0
1.4800000190734863,-0.33000001311302185,9.65999984741211,5.6875,19.75,-49.75,-1.4375,-4.4375,64.25,1.2899999618530273,0.009999999776482582,9.720000267028809,0.995849609375,0.003173828125,-0.0670166015625,0.06182861328125,100574.3125,26.855873107910156,26635.0
1.5700000524520874,-0.3799999952316284,9.600000381469727,5.6875,19.75,-49.75,2.3125,-2.75,56.4375,1.3200000524520874,-0.03999999910593033,9.710000038146973,0.994384765625,0.0018310546875,-0.0684814453125,0.08074951171875,100574.5390625,26.858776092529297,26675.0
1.5700000524520874,-0.3400000035762787,9.680000305175781,7.375,18.6875,-48.5625,6.4375,-2.125,52.25,1.350000023841858,-0.07999999821186066,9.710000038146973,0.99237060546875,0.0023193359375,-0.069580078125,0.101806640625,100574.734375,26.860958099365234,26715.0
1.4800000190734863,-0.6200000047683716,9.489999771118164,7.375,18.6875,-47.75,3.125,0.1875,46.75,1.350000023841858,-0.10000000149011612,9.710000038146973,0.99066162109375,0.00286865234375,-0.06939697265625,0.1171875,100574.7578125,26.860868453979492,26755.0
1.659999966621399,-0.23000000417232513,9.640000343322754,8.1875,17.5625,-49.375,5.0,-0.125,41.6875,1.350000023841858,-0.10000000149011612,9.710000038146973,0.989013671875,0.00360107421875,-0.06939697265625,0.13043212890625,100574.421875,26.860218048095703,26795.0
1.5700000524520874,-0.1899999976158142,9.720000267028809,9.25,17.1875,-49.375,4.0625,2.6875,35.0625,1.350000023841858,-0.10000000149011612,9.710000038146973,0.9879150390625,0.00390625,-0.0689697265625,0.1387939453125,100574.1484375,26.860885620117188,26835.0
1.5,-0.18000000715255737,9.680000305175781,9.25,17.1875,-49.375,4.625,4.8125,27.25,1.3300000429153442,-0.10999999940395355,9.710000038146973,0.9866943359375,0.00469970703125,-0.06756591796875,0.14776611328125,100574.0234375,26.862525939941406,26875.0
1.7400000095367432,0.27000001072883606,9.539999961853027,9.6875,16.5,-48.1875,7.8125,3.125,21.1875,1.2999999523162842,-0.07999999821186066,9.710000038146973,0.98583984375,0.005859375,-0.06591796875,0.154296875,100574.5546875,26.866079330444336,26915.0
1.5,-0.07000000029802322,9.649999618530273,10.0,16.5,-49.0625,-2.0625,6.875,10.0625,1.2599999904632568,-0.09000000357627869,9.720000267028809,0.98553466796875,0.00469970703125,-0.063720703125,0.15716552734375,100574.84375,26.869901657104492,26955.0
1.350000023841858,-0.10999999940395355,9.680000305175781,10.0,15.75,-49.375,-0.8125,5.4375,-0.1875,1.2200000286102295,-0.10000000149011612,9.720000267028809,0.98565673828125,0.00396728515625,-0.0618896484375,0.1568603515625,100574.4921875,26.870441436767578,26995.0
1.2899999618530273,-0.1899999976158142,9.760000228881836,11.875,16.0625,-49.0625,-3.6875,5.8125,-7.1875,1.1799999475479126,-0.11999999731779099,9.729999542236328,0.9862060546875,0.0025634765625,-0.06036376953125,0.15411376953125,100574.46875,26.873165130615234,27035.0
1.3700000047683716,-0.18000000715255737,9.739999771118164,11.875,16.0625,-49.0625,-2.3125,7.625,-11.4375,1.149999976158142,-0.12999999523162842,9.729999542236328,0.9869384765625,0.0013427734375,-0.058349609375,0.15008544921875,100574.4375,26.87175750732422,27075.0
1.1399999856948853,-0.4000000059604645,9.680000305175781,11.0625,15.75,-49.375,-1.4375,6.8125,-15.5625,1.1100000143051147,-0.15000000596046448,9.739999771118164,0.98785400390625,0.00048828125,-0.05645751953125,0.14483642578125,100574.875,26.872425079345703,27115.0
1.0099999904632568,-0.3700000047683716,9.699999809265137,11.875,15.375,-48.1875,-1.6875,6.6875,-17.25,1.0700000524520874,-0.15000000596046448,9.739999771118164,0.98876953125,-0.00018310546875,-0.05450439453125,0.1390380859375,100574.3828125,26.870603561401367,27155.0
1.0399999618530273,-0.4399999976158142,9.770000457763672,11.5625,16.5,-48.1875,-1.125,4.6875,-17.625,1.0399999618530273,-0.15000000596046448,9.739999771118164,0.98968505859375,-0.0006103515625,-0.052978515625,0.13311767578125,100574.0546875,26.869251251220703,27195.0
1.0399999618530273,-0.15000000596046448,9.760000228881836,11.1875,17.1875,-49.0625,-0.6875,4.375,-19.0625,1.0099999904632568,-0.14000000059604645,9.75,0.9906005859375,-0.000732421875,-0.051513671875,0.12652587890625,100574.125,26.86997413635254,27235.0
1.1399999856948853,-0.2199999988079071,9.760000228881836,11.1875,17.1875,-49.0625,0.0625,5.6875,-24.25,0.9800000190734863,-0.12999999523162842,9.75,0.99176025390625,-0.0006103515625,-0.04986572265625,0.117919921875,100574.1640625,26.87107276916504,27275.0
1.149999976158142,0.10000000149011612,9.670000076293945,10.75,16.75,-49.0,0.0,8.5,-31.6875,0.9399999976158142,-0.10999999940395355,9.75,0.99310302734375,-0.00067138671875,-0.04730224609375,0.107177734375,100573.78125,26.869611740112305,27315.0
0.8899999856948853,-0.3400000035762787,9.6899995803833,11.1875,17.1875,-48.5625,-4.625,8.125,-35.5625,0.8899999856948853,-0.10999999940395355,9.760000228881836,0.9945068359375,-0.0018310546875,-0.04473876953125,0.09490966796875,100574.234375,26.871379852294922,27355.0
0.8899999856948853,-0.4300000071525574,9.680000305175781,11.5625,17.5625,-47.875,-2.8125,8.3125,-40.75,0.8399999737739563,-0.10999999940395355,9.760000228881836,0.995849609375,-0.0025634765625,-0.04205322265625,0.0809326171875,100573.71875,26.870405197143555,27395.0
0.7699999809265137,-0.6499999761581421,9.760000228881836,10.375,18.25,-49.0625,-1.5625,7.625,-44.5,0.7900000214576721,-0.11999999731779099,9.770000457763672,0.99700927734375,-0.00347900390625,-0.03973388671875,0.06591796875,100572.9375,26.869108200073242,27435.0
0.7900000214576721,-0.46000000834465027,9.729999542236328,10.375,18.25,-49.0625,3.9375,6.0,-48.0625,0.75,-0.10000000149011612,9.770000457763672,0.998046875,-0.0023193359375,-0.03778076171875,0.04949951171875,100573.2734375,26.871000289916992,27475.0
0.6700000166893005,0.05000000074505806,9.710000038146973,10.375,19.375,-48.5625,2.375,5.3125,-52.3125,0.7099999785423279,-0.05000000074505806,9.779999732971191,0.99884033203125,-0.0010986328125,-0.0360107421875,0.03192138671875,100573.140625,26.87129020690918,27515.0
0.7400000095367432,-0.1899999976158142,9.6899995803833,9.75,19.375,-48.1875,-0.9375,4.375,-51.875,0.6899999976158142,-0.029999999329447746,9.779999732971191,0.999267578125,-0.00079345703125,-0.03466796875,0.01434326171875,100573.4296875,26.87091064453125,27555.0
0.8299999833106995,0.0,9.739999771118164,9.375,19.0,-47.375,-1.25,3.75,-53.0,0.6600000262260437,-0.009999999776482582,9.779999732971191,0.99945068359375,-0.00079345703125,-0.03338623046875,-0.003662109375,100573.6953125,26.871793746948242,27595.0
0.6899999976158142,-0.1899999976158142,9.680000305175781,8.5625,19.0,-49.0,-3.8125,4.5625,-55.8125,0.6399999856948853,-0.009999999776482582,9.779999732971191,0.99920654296875,-0.00140380859375,-0.03192138671875,-0.02276611328125,100573.7734375,26.87244415283203,27635.0
0.6299999952316284,-0.27000001072883606,9.770000457763672,8.5625,19.0,-49.0,-2.3125,4.1875,-60.9375,0.6100000143051147,-0.009999999776482582,9.779999732971191,0.99859619140625,-0.00164794921875,-0.030517578125,-0.0435791015625,100573.8125,26.87466049194336,27675.0
0.5,-0.38999998569488525,9.770000457763672,6.75,20.5,-48.1875,1.125,3.1875,-66.9375,0.5799999833106995,0.0,9.779999732971191,0.99737548828125,-0.000732421875,-0.029541015625,-0.0665283203125,100573.7890625,26.87518310546875,27715.0
0.6700000166893005,0.1599999964237213,9.710000038146973,5.6875,20.875,-46.5625,4.0,1.5,-72.9375,0.5699999928474426,0.05000000074505806,9.779999732971191,0.99542236328125,0.00115966796875,-0.02899169921875,-0.0908203125,100573.5859375,26.87613868713379,27755.0
0.5899999737739563,-0.019999999552965164,9.789999961853027,5.25,21.6875,-48.1875,0.625,2.375,-69.625,0.550000011920929,0.09000000357627869,9.789999961853027,0.9930419921875,0.0020751953125,-0.0281982421875,-0.11431884765625,100574.46875,26.878591537475586,27795.0
0.5400000214576721,-0.10999999940395355,9.789999961853027,5.0,21.0,-48.5625,3.125,1.4375,-71.0625,0.5299999713897705,0.11999999731779099,9.789999961853027,0.989990234375,0.00360107421875,-0.02777099609375,-0.13818359375,100574.2109375,26.878122329711914,27835.0
0.49000000953674316,-0.17000000178813934,9.789999961853027,5.0,21.0,-48.5625,4.9375,0.9375,-73.125,0.5199999809265137,0.17000000178813934,9.789999961853027,0.9862060546875,0.00567626953125,-0.02752685546875,-0.1629638671875,100573.7265625,26.876049041748047,27875.0
0.3499999940395355,-0.009999999776482582,9.770000457763672,3.5,20.875,-47.5,10.125,-0.8125,-81.9375,0.5,0.23999999463558197,9.789999961853027,0.98126220703125,0.009521484375,-0.028076171875,-0.19024658203125,100573.15625,26.874481201171875,27915.0
0.3400000035762787,0.019999999552965164,9.789999961853027,1.25,20.875,-47.5,11.5625,-2.0625,-87.0,0.5,0.33000001311302185,9.779999732971191,0.97515869140625,0.01409912109375,-0.02923583984375,-0.21917724609375,100573.5,26.87619400024414,27955.0
0.4000000059604645,0.8299999833106995,9.670000076293945,0.5625,20.5625,-47.875,13.875,-4.125,-91.375,0.49000000953674316,0.44999998807907104,9.779999732971191,0.9678955078125,0.01861572265625,-0.0308837890625,-0.24871826171875,100573.203125,26.875761032104492,27995.0
0.46000000834465027,0.9599999785423279,9.729999542236328,0.5625,20.5625,-47.875,1.875,-1.9375,-83.75,0.47999998927116394,0.5199999809265137,9.779999732971191,0.96051025390625,0.01971435546875,-0.03118896484375,-0.27569580078125,100573.2890625,26.87714958190918,28035.0
0.33000001311302185,0.49000000953674316,9.729999542236328,-1.375,20.875,-49.0625,-2.1875,-3.9375,-77.125,0.4699999988079071,0.5400000214576721,9.770000457763672,0.953125,0.0194091796875,-0.03179931640625,-0.30029296875,100573.171875,26.87704086303711,28075.0
0.5699999928474426,0.5899999737739563,9.670000076293945,-2.25,19.75,-48.1875,-2.875,-4.4375,-67.4375,0.47999998927116394,0.550000011920929,9.770000457763672,0.946044921875,0.01873779296875,-0.03240966796875,-0.3218994140625,100573.5078125,26.878700256347656,28115.0
0.5199999809265137,0.5199999809265137,9.760000228881836,-4.875,20.5,-49.0625,-3.0625,-3.1875,-63.875,0.47999998927116394,0.550000011920929,9.770000457763672,0.93890380859375,0.0179443359375,-0.03265380859375,-0.34210205078125,100573.375,26.878772735595703,28155.0
0.3799999952316284,0.4399999976158142,9.75,-5.5625,19.75,-49.75,-4.8125,-3.25,-60.75,0.47999998927116394,0.5400000214576721,9.770000457763672,0.93182373046875,0.0167236328125,-0.03302001953125,-0.361083984375,100573.7265625,26.88115119934082,28195.0
0.4000000059604645,0.44999998807907104,9.829999923706055,-5.5625,19.75,-49.75,-4.0625,-5.8125,-60.25,0.47999998927116394,0.5299999713897705,9.770000457763672,0.92401123046875,0.01531982421875,-0.0341796875,-0.38043212890625,100573.8203125,26.883514404296875,28235.0
0.4399999976158142,0.699999988079071,9.6899995803833,-6.0,19.375,-48.6875,-5.875,-5.5,-60.25,0.5099999904632568,0.5199999809265137,9.770000457763672,0.9161376953125,0.01324462890625,-0.03472900390625,-0.39910888671875,100574.125,26.88643455505371,28275.0
0.5799999833106995,0.5299999713897705,9.710000038146973,-8.1875,19.0,-48.1875,-8.0,-5.75,-55.8125,0.5299999713897705,0.49000000953674316,9.770000457763672,0.908447265625,0.01055908203125,-0.03509521484375,-0.41644287109375,100574.0,26.886884689331055,28315.0
0.46000000834465027,0.5299999713897705,9.75,-10.0,19.375,-48.5625,-9.125,-4.125,-53.0,0.5400000214576721,0.44999998807907104,9.779999732971191,0.90093994140625,0.0078125,-0.034912109375,-0.43243408203125,100574.21875,26.888381958007812,28355.0
0.5099999904632568,0.47999998927116394,9.729999542236328,-10.6875,19.375,-47.0625,-9.5625,-3.9375,-47.4375,0.550000011920929,0.41999998688697815,9.779999732971191,0.89422607421875,0.00469970703125,-0.03436279296875,-0.4462890625,100574.328125,26.88892364501953,28395.0
0.5699999928474426,0.25999999046325684,9.760000228881836,-10.6875,19.375,-47.0625,-11.4375,-4.0625,-41.75,0.5600000023841858,0.36000001430511475,9.779999732971191,0.88958740234375,0.00201416015625,-0.033935546875,-0.45550537109375,100574.78125,26.891645431518555,28435.0
0.5899999737739563,0.0,9.75,-11.0625,19.0625,-47.875,-10.0625,-3.6875,-36.3125,0.5799999833106995,0.28999999165534973,9.779999732971191,0.8828125,-0.0015869140625,-0.033447265625,-0.46856689453125,100574.765625,26.89310646057129,28475.0
0.5799999833106995,0.009999999776482582,9.720000267028809,-12.875,18.25,-47.0625,-6.3125,-1.375,-28.5625,0.5899999737739563,0.25,9.779999732971191,0.8790283203125,-0.0035400390625,-0.032470703125,-0.4757080078125,100574.5625,26.892475128173828,28515.0
0.41999998688697815,-0.05999999865889549,9.8100004196167,-12.5625,19.5,-46.6875,-3.9375,-0.6875,-18.125,0.5899999737739563,0.2199999988079071,9.779999732971191,0.87640380859375,-0.00494384765625,-0.03204345703125,-0.48046875,100574.4296875,26.892581939697266,28555.0
0.6899999976158142,0.0,9.760000228881836,-11.0625,19.5,-47.75,-2.25,-2.0625,-12.5,0.6000000238418579,0.20999999344348907,9.779999732971191,0.87493896484375,-0.00567626953125,-0.031982421875,-0.48309326171875,100574.2890625,26.893808364868164,28595.0
0.6399999856948853,0.0,9.609999656677246,-11.0625,19.5,-47.75,0.5,0.6875,-11.3125,0.6000000238418579,0.20000000298023224,9.779999732971191,0.87298583984375,-0.00579833984375,-0.03167724609375,-0.48663330078125,100574.5625,26.897613525390625,28635.0
0.4000000059604645,0.05999999865889549,9.680000305175781,-13.5625,19.375,-47.25,1.0625,1.5,-15.1875,0.5899999737739563,0.20000000298023224,9.779999732971191,0.8697509765625,-0.00506591796875,-0.03155517578125,-0.492431640625,100574.625,26.899885177612305,28675.0
0.47999998927116394,0.07000000029802322,9.770000457763672,-14.375,18.6875,-48.6875,3.125,-1.0625,-17.1875,0.5799999833106995,0.2199999988079071,9.779999732971191,0.866943359375,-0.00421142578125,-0.03240966796875,-0.49725341796875,100574.296875,26.898136138916016,28715.0
0.5699999928474426,0.3100000023841858,9.779999732971191,-13.5625,18.25,-47.0625,2.75,-1.125,-15.375,0.5899999737739563,0.25,9.779999732971191,0.8651123046875,-0.00372314453125,-0.03289794921875,-0.50048828125,100574.3671875,26.897974014282227,28755.0
0.5299999713897705,0.28999999165534973,9.770000457763672,-13.5625,18.25,-47.375,0.8125,-0.25,-11.875,0.5899999737739563,0.25999999046325684,9.779999732971191,0.8631591796875,-0.00347900390625,-0.03302001953125,-0.5037841796875,100574.6328125,26.899578094482422,28795.0
0.4300000071525574,0.17000000178813934,9.789999961853027,-13.5625,18.25,-47.375,0.0625,-0.1875,-7.8125,0.5899999737739563,0.25999999046325684,9.779999732971191,0.8619384765625,-0.00335693359375,-0.03289794921875,-0.50592041015625,100573.890625,26.900787353515625,28835.0
0.4099999964237213,0.14000000059604645,9.710000038146973,-14.375,17.875,-49.0625,0.6875,0.1875,-3.8125,0.5799999833106995,0.27000001072883606,9.779999732971191,0.861328125,-0.00311279296875,-0.03271484375,-0.50701904296875,100574.40625,26.902860641479492,28875.0
0.2800000011920929,0.18000000715255737,9.75,-13.5625,17.875,-48.0625,0.4375,-1.75,-3.75,0.5799999833106995,0.27000001072883606,9.779999732971191,0.860595703125,-0.00335693359375,-0.0328369140625,-0.50823974609375,100573.8359375,26.902084350585938,28915.0
0.49000000953674316,0.20000000298023224,9.739999771118164,-13.5625,17.875,-47.375,-0.3125,-4.25,-8.5625,0.5899999737739563,0.27000001072883606,9.779999732971191,0.85888671875,-0.00390625,-0.0338134765625,-0.510986328125,100573.9453125,26.903257369995117,28955.0
0.550000011920929,0.1599999964237213,9.729999542236328,-14.375,17.875,-47.375,0.0625,-3.5,-15.5625,0.6100000143051147,0.27000001072883606,9.779999732971191,0.85595703125,-0.00439453125,-0.0347900390625,-0.515869140625,100574.265625,26.904699325561523,28995.0
0.5400000214576721,0.23999999463558197,9.760000228881836,-14.375,17.875,-47.375,0.0,-3.5,-25.1875,0.6299999952316284,0.2800000011920929,9.779999732971191,0.85125732421875,-0.004638671875,-0.03582763671875,-0.52349853515625,100574.0390625,26.905780792236328,29035.0
0.6399999856948853,0.2800000011920929,9.770000457763672,-14.0,17.875,-47.375,-0.375,-3.3125,-34.875,0.6499999761581421,0.28999999165534973,9.779999732971191,0.84478759765625,-0.0047607421875,-0.0367431640625,-0.5338134765625,100574.265625,26.906591415405273,29075.0
0.6200000047683716,0.27000001072883606,9.779999732971191,-16.1875,17.1875,-47.0,0.5625,-1.75,-43.75,0.6499999761581421,0.3100000023841858,9.770000457763672,0.83648681640625,-0.00445556640625,-0.037353515625,-0.546630859375,100574.6796875,26.90835952758789,29115.0
0.6399999856948853,0.3400000035762787,9.800000190734863,-16.5625,16.5,-47.0,0.0,-1.6875,-56.375,0.6600000262260437,0.33000001311302185,9.770000457763672,0.82568359375,-0.0040283203125,-0.03790283203125,-0.5628662109375,100574.671875,26.90852165222168,29155.0
0.6499999761581421,0.5299999713897705,9.699999809265137,-16.1875,16.0625,-48.1875,-0.4375,-1.6875,-67.0,0.6499999761581421,0.36000001430511475,9.770000457763672,0.81243896484375,-0.003662109375,-0.03839111328125,-0.58172607421875,100574.4921875,26.908069610595703,29195.0
0.6800000071525574,0.3400000035762787,9.770000457763672,-16.1875,16.0625,-48.1875,-4.375,-2.25,-77.0625,0.6499999761581421,0.3799999952316284,9.770000457763672,0.79681396484375,-0.00433349609375,-0.0382080078125,-0.60302734375,100574.8203125,26.90947723388672,29235.0
0.7300000190734863,0.4000000059604645,9.75,-16.875,15.375,-47.375,-6.0,-1.0,-85.3125,0.6399999856948853,0.3799999952316284,9.770000457763672,0.77886962890625,-0.0050048828125,-0.0372314453125,-0.62603759765625,100574.484375,26.911100387573242,29275.0
0.7799999713897705,0.3199999928474426,9.710000038146973,-19.0625,13.5625,-47.375,-6.5625,1.3125,-91.75,0.6100000143051147,0.3700000047683716,9.779999732971191,0.75909423828125,-0.0052490234375,-0.03546142578125,-0.6500244140625,100574.375,26.91172981262207,29315.0
0.75,0.18000000715255737,9.770000457763672,-19.5,13.875,-46.5625,-7.125,5.25,-94.125,0.5600000023841858,0.36000001430511475,9.779999732971191,0.73797607421875,-0.0047607421875,-0.03277587890625,-0.67401123046875,100574.46875,26.913372039794922,29355.0
0.5400000214576721,0.019999999552965164,9.84000015258789,-19.75,11.375,-47.75,-4.8125,6.25,-97.5625,0.5,0.36000001430511475,9.779999732971191,0.71533203125,-0.00341796875,-0.0302734375,-0.6981201171875,100574.3671875,26.912866592407227,29395.0
0.47999998927116394,0.27000001072883606,9.699999809265137,-19.75,11.375,-47.75,-3.6875,7.0625,-98.3125,0.4300000071525574,0.36000001430511475,9.779999732971191,0.6920166015625,-0.0015869140625,-0.02764892578125,-0.72137451171875,100574.609375,26.91364097595215,29435.0
0.3199999928474426,0.3199999928474426,9.729999542236328,-21.6875,9.875,-48.0625,-4.3125,8.9375,-93.75,0.3499999940395355,0.36000001430511475,9.789999961853027,0.66888427734375,0.00030517578125,-0.02435302734375,-0.74298095703125,100574.265625,26.911911010742188,29475.0
0.15000000596046448,-0.07999999821186066,9.779999732971191,-22.375,8.75,-48.0625,-5.375,7.8125,-92.9375,0.27000001072883606,0.3400000035762787,9.789999961853027,0.6455078125,0.00201416015625,-0.02130126953125,-0.763427734375,100574.03125,26.911766052246094,29515.0
0.10999999940395355,0.27000001072883606,9.710000038146973,-22.375,7.6875,-47.0,-3.1875,8.0625,-87.25,0.20000000298023224,0.3400000035762787,9.789999961853027,0.62286376953125,0.00396728515625,-0.01849365234375,-0.7821044921875,100573.9296875,26.912235260009766,29555.0
-0.17000000178813934,-0.03999999910593033,9.729999542236328,-22.75,5.5,-47.75,-4.375,5.625,-84.0,0.12999999523162842,0.3100000023841858,9.800000190734863,0.6005859375,0.00506591796875,-0.015625,-0.79937744140625,100573.6015625,26.91317367553711,29595.0
-0.1899999976158142,-0.05999999865889549,9.779999732971191,-22.75,5.5,-47.75,-2.5625,3.625,-80.6875,0.07999999821186066,0.28999999165534973,9.800000190734863,0.5787353515625,0.00592041015625,-0.01361083984375,-0.81536865234375,100573.453125,26.91385841369629,29635.0
-0.09000000357627869,0.05999999865889549,9.8100004196167,-22.375,4.75,-46.5625,-1.25,4.3125,-76.4375,0.029999999329447746,0.27000001072883606,9.800000190734863,0.55755615234375,0.0072021484375,-0.0118408203125,-0.83001708984375,100573.5703125,26.913227081298828,29675.0
-0.15000000596046448,-0.23999999463558197,9.819999694824219,-22.6875,2.5625,-47.0,1.6875,6.625,-72.25,-0.009999999776482582,0.25999999046325684,9.800000190734863,0.53729248046875,0.00982666015625,-0.01043701171875,-0.84326171875,100573.4765625,26.91448974609375,29715.0
-0.5899999737739563,0.38999998569488525,9.789999961853027,-22.75,0.5,-47.375,1.8125,5.8125,-68.9375,-0.07000000029802322,0.2800000011920929,9.800000190734863,0.517578125,0.01190185546875,-0.00970458984375,-0.85552978515625,100573.5703125,26.916004180908203,29755.0
-0.3799999952316284,0.15000000596046448,9.729999542236328,-22.75,0.5,-47.375,3.375,4.4375,-65.125,-0.11999999731779099,0.28999999165534973,9.800000190734863,0.49871826171875,0.01422119140625,-0.00933837890625,-0.8665771484375,100574.1484375,26.917734146118164,29795.0
-0.49000000953674316,0.25999999046325684,9.829999923706055,-22.75,0.1875,-48.5625,0.6875,4.875,-61.125,-0.17000000178813934,0.28999999165534973,9.800000190734863,0.4808349609375,0.01629638671875,-0.00811767578125,-0.8765869140625,100574.109375,26.91786003112793,29835.0
-0.6800000071525574,0.1899999976158142,9.760000228881836,-22.75,-1.25,-47.0,1.9375,3.9375,-57.5625,-0.23000000417232513,0.28999999165534973,9.789999961853027,0.4637451171875,0.01849365234375,-0.00714111328125,-0.8857421875,100574.7734375,26.91912269592285,29875.0
-0.7200000286102295,0.1599999964237213,9.850000381469727,-22.0,-2.375,-47.75,-1.375,1.0625,-55.4375,-0.27000001072883606,0.2800000011920929,9.789999961853027,0.44732666015625,0.0191650390625,-0.005859375,-0.89410400390625,100574.5078125,26.919483184814453,29915.0
-0.6000000238418579,-0.019999999552965164,9.760000228881836,-20.0625,-3.5,-48.5625,-0.4375,0.125,-49.6875,-0.2800000011920929,0.25999999046325684,9.789999961853027,0.4332275390625,0.01959228515625,-0.00537109375,-0.90106201171875,100574.1015625,26.91860008239746,29955.0
-0.7300000190734863,0.0,9.84000015258789,-20.0625,-3.5,-48.5625,1.125,-1.5625,-42.125,-0.30000001192092896,0.25,9.789999961853027,0.4210205078125,0.01953125,-0.0047607421875,-0.9068603515625,100573.71875,26.919086456298828,29995.0
-0.4699999988079071,0.0,9.779999732971191,-22.0,-4.1875,-47.0,3.6875,-3.625,-33.3125,-0.30000001192092896,0.23999999463558197,9.789999961853027,0.410888671875,0.0191650390625,-0.0057373046875,-0.91143798828125,100573.3203125,26.920042037963867,30035.0
-0.6499999761581421,0.2800000011920929,9.789999961853027,-20.75,-5.0,-47.375,0.875,-4.4375,-29.375,-0.2800000011920929,0.25,9.789999961853027,0.4019775390625,0.01788330078125,-0.00628662109375,-0.91546630859375,100573.3203125,26.919591903686523,30075.0
-0.44999998807907104,0.009999999776482582,9.75,-20.5,-5.6875,-47.375,2.3125,-5.5,-23.4375,-0.25,0.25,9.789999961853027,0.39495849609375,0.0167236328125,-0.0074462890625,-0.91851806640625,100573.953125,26.920997619628906,30115.0
-0.15000000596046448,0.1599999964237213,9.789999961853027,-20.5,-6.5,-48.5,-0.125,-5.25,-18.375,-0.23000000417232513,0.25999999046325684,9.800000190734863,0.3897705078125,0.01519775390625,-0.0078125,-0.9207763671875,100573.9375,26.920312881469727,30155.0
-0.14000000059604645,-0.10999999940395355,9.819999694824219,-20.5,-6.5,-48.5,0.8125,-3.625,-13.3125,-0.20000000298023224,0.25,9.800000190734863,0.3861083984375,0.014404296875,-0.00885009765625,-0.92230224609375,100573.875,26.921539306640625,30195.0
-0.17000000178813934,0.17000000178813934,9.789999961853027,-21.1875,-6.5,-47.75,3.0,-4.0,-9.25,-0.18000000715255737,0.27000001072883606,9.800000190734863,0.38330078125,0.01336669921875,-0.00994873046875,-0.9234619140625,100573.96875,26.923593521118164,30235.0
-0.09000000357627869,-0.14000000059604645,9.75,-21.1875,-6.5,-47.25,4.1875,-3.625,-7.375,-0.15000000596046448,0.2800000011920929,9.800000190734863,0.38140869140625,0.01263427734375,-0.01165771484375,-0.92425537109375,100573.8671875,26.922260284423828,30275.0
0.0,0.49000000953674316,9.760000228881836,-22.25,-7.5625,-48.5,7.0,-3.8125,-3.5625,-0.11999999731779099,0.3199999928474426,9.800000190734863,0.3804931640625,0.01214599609375,-0.01373291015625,-0.92462158203125,100573.9453125,26.921844482421875,30315.0
0.019999999552965164,0.2800000011920929,9.84000015258789,-21.1875,-7.5625,-47.25,3.5,-3.0625,-0.5,-0.10999999940395355,0.3400000035762787,9.789999961853027,0.38079833984375,0.01177978515625,-0.0147705078125,-0.9244384765625,100574.2734375,26.92325210571289,30355.0
-0.2199999988079071,0.27000001072883606,9.710000038146973,-21.1875,-7.5625,-47.25,3.625,-1.375,6.5625,-0.09000000357627869,0.36000001430511475,9.789999961853027,0.38311767578125,0.0118408203125,-0.01611328125,-0.9234619140625,100574.2265625,26.92546844482422,30395.0
-0.23999999463558197,0.36000001430511475,9.729999542236328,-20.5,-7.25,-47.6875,2.5,-2.8125,12.375,-0.07999999821186066,0.38999998569488525,9.789999961853027,0.38812255859375,0.01104736328125,-0.01739501953125,-0.92138671875,100574.359375,26.928281784057617,30435.0
-0.03999999910593033,0.1899999976158142,9.779999732971191,-21.5625,-8.375,-48.5625,1.6875,-4.25,13.75,-0.05000000074505806,0.4000000059604645,9.789999961853027,0.39215087890625,0.0098876953125,-0.01837158203125,-0.919677734375,100574.1953125,26.927507400512695,30475.0
0.0,0.1899999976158142,9.75,-22.6875,-7.25,-47.375,0.9375,-2.9375,11.9375,-0.029999999329447746,0.4000000059604645,9.789999961853027,0.39556884765625,0.009033203125,-0.0189208984375,-0.918212890625,100574.3203125,26.926929473876953,30515.0
0.09000000357627869,0.20999999344348907,9.8100004196167,-21.5625,-7.5625,-47.375,0.5625,-1.9375,9.4375,-0.009999999776482582,0.4000000059604645,9.789999961853027,0.3975830078125,0.0084228515625,-0.01898193359375,-0.9173583984375,100574.5546875,26.927074432373047,30555.0
0.019999999552965164,0.18000000715255737,9.6899995803833,-21.5625,-7.5625,-47.375,1.5625,-0.25,6.8125,0.0,0.4000000059604645,9.789999961853027,0.399658203125,0.0084228515625,-0.0194091796875,-0.91644287109375,100574.1171875,26.928335189819336,30595.0
-0.1599999964237213,0.38999998569488525,9.710000038146973,-21.875,-6.875,-46.5625,2.1875,0.25,4.75,0.0,0.41999998688697815,9.789999961853027,0.40093994140625,0.0087890625,-0.02008056640625,-0.91583251953125,100574.359375,26.929851531982422,30635.0
-0.07000000029802322,0.41999998688697815,9.760000228881836,-21.1875,-6.5,-47.375,1.6875,-0.1875,0.375,0.0,0.4300000071525574,9.789999961853027,0.40057373046875,0.00897216796875,-0.020263671875,-0.916015625,100574.4453125,26.92869758605957,30675.0
-0.07000000029802322,0.3400000035762787,9.789999961853027,-21.5625,-8.0,-45.375,0.375,0.5,-3.0625,0.0,0.4300000071525574,9.789999961853027,0.399658203125,0.00897216796875,-0.020263671875,-0.9163818359375,100573.828125,26.927236557006836,30715.0
-0.07000000029802322,0.3700000047683716,9.760000228881836,-22.25,-6.875,-47.25,-0.5,-0.375,-4.4375,0.0,0.4300000071525574,9.789999961853027,0.3984375,0.009033203125,-0.02020263671875,-0.91693115234375,100573.046875,26.92615509033203,30755.0
-0.09000000357627869,0.3400000035762787,9.6899995803833,-22.25,-6.875,-47.25,2.125,0.0625,0.125,0.0,0.4300000071525574,9.789999961853027,0.3985595703125,0.00927734375,-0.0206298828125,-0.9168701171875,100573.4765625,26.928787231445312,30795.0
-0.10999999940395355,0.3100000023841858,9.800000190734863,-21.875,-8.375,-47.375,-1.5,-1.8125,1.875,0.0,0.4399999976158142,9.789999961853027,0.3992919921875,0.008544921875,-0.0205078125,-0.91656494140625,100573.796875,26.930770874023438,30835.0
-0.029999999329447746,0.6299999952316284,9.680000305175781,-21.5625,-7.25,-48.5625,-2.125,-1.5625,5.5625,0.009999999776482582,0.4300000071525574,9.789999961853027,0.40106201171875,0.00775146484375,-0.0198974609375,-0.91583251953125,100573.953125,26.92995834350586,30875.0
0.07999999821186066,0.10999999940395355,9.739999771118164,-22.6875,-7.25,-47.0,-4.9375,-0.9375,4.9375,0.019999999552965164,0.4000000059604645,9.789999961853027,0.402587890625,0.0069580078125,-0.0186767578125,-0.9151611328125,100573.515625,26.930500030517578,30915.0
0.05000000074505806,0.12999999523162842,9.739999771118164,-22.25,-6.875,-47.0,-1.25,0.4375,3.0625,0.019999999552965164,0.3799999952316284,9.789999961853027,0.40325927734375,0.00689697265625,-0.01824951171875,-0.91485595703125,100573.546875,26.930896759033203,30955.0
0.009999999776482582,0.20000000298023224,9.779999732971191,-22.25,-6.875,-47.0,-2.125,0.0,-4.125,0.009999999776482582,0.3700000047683716,9.789999961853027,0.4017333984375,0.00665283203125,-0.01751708984375,-0.91558837890625,100573.5078125,26.931201934814453,30995.0
0.0,0.1899999976158142,9.75,-22.6875,-6.875,-47.0,0.0625,1.625,-9.4375,0.009999999776482582,0.36000001430511475,9.789999961853027,0.39862060546875,0.007080078125,-0.0169677734375,-0.91693115234375,100573.5390625,26.93259048461914,31035.0
-0.05000000074505806,0.17000000178813934,9.760000228881836,-22.6875,-7.25,-46.5625,2.1875,1.5625,-13.1875,0.0,0.36000001430511475,9.789999961853027,0.39453125,0.0079345703125,-0.0172119140625,-0.918701171875,100573.953125,26.933618545532227,31075.0
-0.10999999940395355,0.3700000047683716,9.770000457763672,-21.5625,-6.875,-47.0,2.0,2.1875,-13.5,-0.009999999776482582,0.3700000047683716,9.789999961853027,0.390380859375,0.00897216796875,-0.01739501953125,-0.92047119140625,100573.484375,26.932662963867188,31115.0
-0.27000001072883606,0.3700000047683716,9.829999923706055,-20.75,-6.5,-48.5625,2.25,1.4375,-9.5625,-0.029999999329447746,0.3799999952316284,9.789999961853027,0.3878173828125,0.009765625,-0.0177001953125,-0.9215087890625,100572.5234375,26.931365966796875,31155.0
-0.14000000059604645,0.38999998569488525,9.869999885559082,-20.75,-6.5,-48.5625,2.125,-0.125,2.9375,-0.03999999910593033,0.4000000059604645,9.789999961853027,0.3897705078125,0.0101318359375,-0.01837158203125,-0.92071533203125,100572.7734375,26.931564331054688,31195.0
-0.3799999952316284,0.46000000834465027,9.84000015258789,-21.1875,-7.25,-47.75,3.8125,0.0,30.875,-0.03999999910593033,0.41999998688697815,9.789999961853027,0.400390625,0.01080322265625,-0.01959228515625,-0.91607666015625,100572.984375,26.932266235351562,31235.0
-0.3499999940395355,0.6000000238418579,9.699999809265137,-21.875,-8.0,-47.0,4.6875,-4.375,59.125,-0.019999999552965164,0.44999998807907104,9.789999961853027,0.41973876953125,0.01025390625,-0.02178955078125,-0.9073486328125,100573.1875,26.93222999572754,31275.0
-0.10999999940395355,0.4000000059604645,9.670000076293945,-22.25,-6.875,-47.25,5.25,-5.25,88.3125,0.019999999552965164,0.47999998927116394,9.789999961853027,0.44720458984375,0.008544921875,-0.0245361328125,-0.89404296875,100573.2578125,26.932771682739258,31315.0
0.03999999910593033,0.5400000214576721,9.850000381469727,-23.0,-5.75,-47.0,3.375,-9.375,103.9375,0.10999999940395355,0.5099999904632568,9.789999961853027,0.4786376953125,0.00543212890625,-0.027099609375,-0.8775634765625,100573.6796875,26.93433952331543,31355.0
0.30000001192092896,0.4399999976158142,9.75,-23.0,-5.75,-47.0,2.3125,-4.5625,115.75,0.1899999976158142,0.5099999904632568,9.789999961853027,0.51275634765625,0.00335693359375,-0.02874755859375,-0.8580322265625,100573.65625,26.934934616088867,31395.0
0.23000000417232513,0.4699999988079071,9.729999542236328,-22.6875,-4.6875,-46.5625,1.5,-4.8125,117.6875,0.25999999046325684,0.5099999904632568,9.779999732971191,0.54620361328125,0.00091552734375,-0.02996826171875,-0.83709716796875,100573.515625,26.9348087310791,31435.0
0.5799999833106995,0.2199999988079071,9.760000228881836,-23.75,-2.0625,-47.0,1.8125,-2.75,115.6875,0.33000001311302185,0.49000000953674316,9.779999732971191,0.57855224609375,-0.00042724609375,-0.0311279296875,-0.81500244140625,100573.4453125,26.933565139770508,31475.0
0.2800000011920929,0.6899999976158142,9.739999771118164,-24.75,0.6875,-46.5625,3.125,-1.625,114.875,0.3799999952316284,0.49000000953674316,9.779999732971191,0.60943603515625,-0.00177001953125,-0.03216552734375,-0.79217529296875,100573.8515625,26.934934616088867,31515.0
0.6499999761581421,0.25999999046325684,9.710000038146973,-25.1875,3.25,-47.75,0.4375,-3.6875,108.875,0.4399999976158142,0.46000000834465027,9.779999732971191,0.63824462890625,-0.003662109375,-0.0330810546875,-0.7691650390625,100573.2890625,26.9348087310791,31555.0
0.5600000023841858,0.5600000023841858,9.640000343322754,-25.1875,3.25,-47.75,1.75,-3.625,106.125,0.49000000953674316,0.4399999976158142,9.779999732971191,0.6649169921875,-0.00555419921875,-0.033935546875,-0.74609375,100573.453125,26.93470001220703,31595.0
0.8700000047683716,0.25999999046325684,9.699999809265137,-24.5,4.75,-46.0625,-2.375,-2.3125,97.1875,0.5400000214576721,0.38999998569488525,9.779999732971191,0.68896484375,-0.00762939453125,-0.03375244140625,-0.72393798828125,100573.3515625,26.934051513671875,31635.0
0.7799999713897705,-0.4399999976158142,9.6899995803833,-24.75,6.875,-45.75,3.9375,-0.375,93.625,0.5699999928474426,0.36000001430511475,9.779999732971191,0.71136474609375,-0.0074462890625,-0.0347900390625,-0.701904296875,100572.921875,26.932987213134766,31675.0
1.0700000524520874,-0.07000000029802322,9.710000038146973,-23.0,9.5,-46.5625,10.5,2.0,90.6875,0.5899999737739563,0.38999998569488525,9.779999732971191,0.73260498046875,-0.00506591796875,-0.03643798828125,-0.67962646484375,100572.71875,26.931617736816406,31715.0
0.6700000166893005,0.14000000059604645,9.670000076293945,-23.0,9.5,-46.5625,15.0,5.125,90.75,0.5799999833106995,0.4399999976158142,9.770000457763672,0.75323486328125,-0.00128173828125,-0.0386962890625,-0.6566162109375,100572.953125,26.932321548461914,31755.0
0.8399999737739563,0.5099999904632568,9.649999618530273,-23.375,10.5,-46.1875,12.5625,4.625,90.4375,0.5799999833106995,0.5,9.770000457763672,0.77294921875,0.00177001953125,-0.04022216796875,-0.6331787109375,100572.9140625,26.932266235351562,31795.0
0.6700000166893005,0.41999998688697815,9.710000038146973,-21.5625,11.6875,-46.6875,12.125,5.375,87.625,0.5799999833106995,0.5400000214576721,9.770000457763672,0.79144287109375,0.0048828125,-0.04150390625,-0.60986328125,100572.7734375,26.931076049804688,31835.0
0.46000000834465027,0.5699999928474426,9.720000267028809,-20.0625,12.25,-46.5625,12.625,2.9375,85.75,0.5899999737739563,0.5899999737739563,9.770000457763672,0.80859375,0.00762939453125,-0.04351806640625,-0.586669921875,100572.6484375,26.929597854614258,31875.0
0.6399999856948853,0.6700000166893005,9.6899995803833,-18.6875,12.25,-46.25,10.875,0.625,81.25,0.6100000143051147,0.6399999856948853,9.760000228881836,0.823974609375,0.00927734375,-0.04571533203125,-0.564697265625,100572.6953125,26.929075241088867,31915.0
0.7900000214576721,0.6700000166893005,9.699999809265137,-18.6875,12.25,-46.25,9.0625,1.25,76.875,0.6399999856948853,0.6600000262260437,9.760000228881836,0.838134765625,0.01092529296875,-0.0472412109375,-0.5433349609375,100572.9296875,26.930410385131836,31955.0
0.6700000166893005,0.75,9.6899995803833,-18.25,14.875,-46.6875,7.9375,0.625,69.875,0.6700000166893005,0.6899999976158142,9.75,0.85052490234375,0.01202392578125,-0.0487060546875,-0.52349853515625,100573.3203125,26.931419372558594,31995.0
0.7599999904632568,0.7400000095367432,9.649999618530273,-17.1875,15.25,-46.6875,3.8125,0.875,64.1875,0.699999988079071,0.6899999976158142,9.75,0.86151123046875,0.01220703125,-0.04937744140625,-0.505126953125,100573.5078125,26.932157516479492,32035.0
0.800000011920929,0.6899999976158142,9.630000114440918,-16.75,15.6875,-46.25,2.9375,0.5625,56.3125,0.7200000286102295,0.6899999976158142,9.75,0.870849609375,0.01214599609375,-0.05010986328125,-0.48876953125,100573.3671875,26.931581497192383,32075.0
1.0199999809265137,0.7200000286102295,9.65999984741211,-15.25,16.6875,-47.5,2.0,1.25,51.9375,0.7400000095367432,0.6800000071525574,9.75,0.879150390625,0.011962890625,-0.05010986328125,-0.4737548828125,100573.0546875,26.930553436279297,32115.0
0.9399999976158142,0.47999998927116394,9.699999809265137,-15.25,16.6875,-47.5,1.0625,3.5,47.8125,0.75,0.6600000262260437,9.75,0.88470458984375,0.01202392578125,-0.04962158203125,-0.46331787109375,100573.234375,26.932104110717773,32155.0
0.75,0.6000000238418579,9.670000076293945,-15.25,16.375,-47.5,3.5625,4.375,42.375,0.7400000095367432,0.6499999761581421,9.75,0.8927001953125,0.01318359375,-0.04913330078125,-0.44781494140625,100573.7109375,26.934412002563477,32195.0
0.7599999904632568,0.6899999976158142,9.670000076293945,-13.5,17.5,-47.875,3.875,2.3125,36.5625,0.7400000095367432,0.6600000262260437,9.75,0.8978271484375,0.01385498046875,-0.04925537109375,-0.4373779296875,100573.203125,26.932104110717773,32235.0
0.8700000047683716,0.5199999809265137,9.699999809265137,-13.5,18.1875,-48.1875,2.25,1.0,30.25,0.75,0.6600000262260437,9.75,0.90191650390625,0.01422119140625,-0.049560546875,-0.42877197265625,100573.6015625,26.933258056640625,32275.0
0.949999988079071,0.5699999928474426,9.6899995803833,-12.75,18.875,-47.875,4.125,1.5625,24.6875,0.75,0.6700000166893005,9.75,0.904541015625,0.01495361328125,-0.0496826171875,-0.4232177734375,100574.140625,26.93470001220703,32315.0
0.75,0.5699999928474426,9.739999771118164,-12.75,18.875,-47.875,3.875,3.125,21.375,0.75,0.6800000071525574,9.75,0.90753173828125,0.01611328125,-0.04949951171875,-0.416748046875,100574.46875,26.93751335144043,32355.0
0.8600000143051147,0.6600000262260437,9.65999984741211,-12.5,17.75,-47.875,3.6875,1.75,17.9375,0.7400000095367432,0.6899999976158142,9.75,0.91058349609375,0.01727294921875,-0.049560546875,-0.40997314453125,100574.421875,26.93962287902832,32395.0
0.9300000071525574,0.6000000238418579,9.649999618530273,-11.0,18.5625,-47.5,2.6875,1.9375,16.1875,0.7400000095367432,0.699999988079071,9.75,0.9127197265625,0.0179443359375,-0.0494384765625,-0.4051513671875,100574.109375,26.938901901245117,32435.0
0.8500000238418579,0.6000000238418579,9.680000305175781,-10.5625,17.75,-47.0625,2.4375,2.625,13.8125,0.7400000095367432,0.7099999785423279,9.75,0.91448974609375,0.0186767578125,-0.049072265625,-0.401123046875,100573.6328125,26.93778419494629,32475.0
0.800000011920929,0.6000000238418579,9.6899995803833,-11.25,17.75,-47.875,1.6875,2.6875,10.3125,0.7300000190734863,0.7200000286102295,9.75,0.91546630859375,0.01910400390625,-0.0487060546875,-0.39892578125,100573.625,26.93808937072754,32515.0
0.6800000071525574,0.5699999928474426,9.649999618530273,-11.25,17.75,-47.875,1.875,1.9375,5.625,0.7099999785423279,0.7200000286102295,9.75,0.91619873046875,0.0196533203125,-0.04840087890625,-0.3973388671875,100573.578125,26.938901901245117,32555.0
0.75,0.6299999952316284,9.699999809265137,-10.5625,17.75,-48.6875,1.875,0.9375,0.6875,0.7099999785423279,0.7300000190734863,9.75,0.91619873046875,0.02020263671875,-0.04840087890625,-0.39727783203125,100573.359375,26.9406681060791,32595.0
0.800000011920929,0.6000000238418579,9.6899995803833,-10.5625,18.5625,-47.875,1.0625,0.4375,-1.6875,0.7099999785423279,0.7400000095367432,9.75,0.91595458984375,0.02032470703125,-0.04852294921875,-0.39776611328125,100573.1796875,26.938522338867188,32635.0
0.8700000047683716,0.6100000143051147,9.670000076293945,-11.0,18.1875,-48.1875,1.0625,0.4375,-3.25,0.7099999785423279,0.7400000095367432,9.75,0.91552734375,0.0206298828125,-0.04864501953125,-0.39874267578125,100572.9609375,26.938648223876953,32675.0
0.8100000023841858,0.6899999976158142,9.739999771118164,-11.0,18.5625,-47.5,0.4375,1.0,-2.8125,0.699999988079071,0.75,9.75,0.91522216796875,0.02081298828125,-0.04840087890625,-0.3995361328125,100573.1640625,26.939910888671875,32715.0
0.800000011920929,0.6000000238418579,9.729999542236328,-11.0,18.5625,-47.5,-0.875,0.5625,-2.4375,0.699999988079071,0.7400000095367432,9.75,0.91485595703125,0.02044677734375,-0.048095703125,-0.40032958984375,100573.0703125,26.94257926940918,32755.0
0.800000011920929,0.49000000953674316,9.65999984741211,-10.5625,19.25,-48.1875,0.1875,0.625,-2.9375,0.699999988079071,0.7400000095367432,9.75,0.91448974609375,0.02032470703125,-0.0479736328125,-0.40130615234375,100572.34375,26.94227409362793,32795.0
0.7300000190734863,0.5099999904632568,9.649999618530273,-11.6875,18.5625,-48.1875,1.8125,0.375,-3.625,0.6899999976158142,0.7400000095367432,9.75,0.9139404296875,0.020751953125,-0.04815673828125,-0.4024658203125,100572.7578125,26.942039489746094,32835.0
0.8100000023841858,0.6600000262260437,9.6899995803833,-11.0,17.75,-47.875,2.9375,0.25,-3.9375,0.6899999976158142,0.7599999904632568,9.75,0.91339111328125,0.021484375,-0.04852294921875,-0.403564453125,100573.3828125,26.94416618347168,32875.0
0.75,0.7200000286102295,9.710000038146973,-11.0,17.75,-48.6875,2.375,0.625,-2.875,0.6899999976158142,0.7699999809265137,9.75,0.91302490234375,0.022216796875,-0.04876708984375,-0.4044189453125,100573.609375,26.945194244384766,32915.0
0.7599999904632568,0.7400000095367432,9.680000305175781,-11.0,17.75,-48.6875,1.4375,-0.0625,-2.125,0.6899999976158142,0.7799999713897705,9.739999771118164,0.9127197265625,0.0225830078125,-0.0489501953125,-0.40496826171875,100573.6953125,26.94654655456543,32955.0
0.7699999809265137,0.7699999809265137,9.680000305175781,-10.5625,17.75,-47.875,0.75,-0.875,-0.9375,0.6899999976158142,0.7900000214576721,9.739999771118164,0.91259765625,0.0225830078125,-0.0491943359375,-0.40521240234375,100573.3828125,26.946401596069336,32995.0
0.8199999928474426,0.7400000095367432,9.680000305175781,-11.25,18.5625,-47.875,0.3125,0.25,0.1875,0.699999988079071,0.7900000214576721,9.739999771118164,0.91259765625,0.02252197265625,-0.04925537109375,-0.40521240234375,100573.7734375,26.94802474975586,33035.0
0.7699999809265137,0.6899999976158142,9.680000305175781,-9.875,17.0625,-47.875,0.5625,0.125,0.1875,0.699999988079071,0.7900000214576721,9.739999771118164,0.91259765625,0.0225830078125,-0.04931640625,-0.40521240234375,100574.03125,26.94923210144043,33075.0
0.7200000286102295,0.7099999785423279,9.670000076293945,-12.0625,17.75,-47.875,1.25,-0.75,-1.125,0.699999988079071,0.7900000214576721,9.739999771118164,0.91241455078125,0.02276611328125,-0.0498046875,-0.40557861328125,100573.9765625,26.950151443481445,33115.0
0.8399999737739563,0.7400000095367432,9.670000076293945,-12.0625,17.75,-47.875,0.9375,-1.375,-2.125,0.7099999785423279,0.800000011920929,9.739999771118164,0.912109375,0.022705078125,-0.05035400390625,-0.40625,100574.3046875,26.950260162353516,33155.0
0.8500000238418579,0.7099999785423279,9.65999984741211,-11.0,17.5,-49.0625,0.375,-0.6875,-2.25,0.7200000286102295,0.800000011920929,9.739999771118164,0.9117431640625,0.02264404296875,-0.050537109375,-0.406982421875,100574.5078125,26.950332641601562,33195.0
0.8500000238418579,0.7200000286102295,9.649999618530273,-11.0,17.0625,-48.6875,1.0625,-0.375,-2.5625,0.7200000286102295,0.8100000023841858,9.739999771118164,0.91143798828125,0.0228271484375,-0.05072021484375,-0.40771484375,100574.5078125,26.951539993286133,33235.0
0.8100000023841858,0.7599999904632568,9.670000076293945,-10.5625,17.5,-49.5,0.8125,-0.3125,-2.6875,0.7200000286102295,0.8100000023841858,9.739999771118164,0.9110107421875,0.02301025390625,-0.0509033203125,-0.40850830078125,100574.265625,26.951305389404297,33275.0
0.8600000143051147,0.7400000095367432,9.670000076293945,-11.25,17.5,-47.875,0.5,-0.25,-2.875,0.7200000286102295,0.8100000023841858,9.739999771118164,0.91064453125,0.02294921875,-0.05096435546875,-0.409423828125,100574.578125,26.951702117919922,33315.0
0.8399999737739563,0.7799999713897705,9.65999984741211,-11.25,17.5,-47.875,0.3125,0.25,-2.5,0.7200000286102295,0.8100000023841858,9.739999771118164,0.9102783203125,0.02294921875,-0.051025390625,-0.41015625,100574.359375,26.950838088989258,33355.0
0.8100000023841858,0.7200000286102295,9.6899995803833,-10.5625,17.5,-48.6875,-0.0625,0.3125,-2.0625,0.7200000286102295,0.8100000023841858,9.739999771118164,0.9100341796875,0.02288818359375,-0.05096435546875,-0.4107666015625,100574.6171875,26.951936721801758,33395.0
0.7599999904632568,0.6800000071525574,9.6899995803833,-11.6875,17.5,-47.875,1.0625,1.1875,-1.9375,0.7200000286102295,0.8199999928474426,9.739999771118164,0.90972900390625,0.02337646484375,-0.05078125,-0.411376953125,100574.484375,26.952171325683594,33435.0
0.5299999713897705,0.7699999809265137,9.729999542236328,-11.25,17.5,-47.375,2.1875,-1.0625,-3.375,0.7099999785423279,0.8299999833106995,9.739999771118164,0.9091796875,0.02392578125,-0.05126953125,-0.4124755859375,100574.7109375,26.95292854309082,33475.0
0.6899999976158142,0.9599999785423279,9.65999984741211,-11.25,17.5,-47.375,1.25,-3.4375,-4.1875,0.7300000190734863,0.8399999737739563,9.739999771118164,0.9085693359375,0.02386474609375,-0.05242919921875,-0.413818359375,100573.921875,26.95117950439453,33515.0
0.8299999833106995,0.9399999976158142,9.609999656677246,-11.0,17.0625,-49.0625,-1.0,-3.75,-3.875,0.75,0.8500000238418579,9.739999771118164,0.907958984375,0.02313232421875,-0.053466796875,-0.41497802734375,100574.1484375,26.95161247253418,33555.0
1.0,0.8299999833106995,9.619999885559082,-11.6875,17.5,-49.875,-2.5625,-2.8125,-3.0,0.7699999809265137,0.8399999737739563,9.729999542236328,0.90753173828125,0.0218505859375,-0.05419921875,-0.41595458984375,100574.8046875,26.953073501586914,33595.0
1.0299999713897705,0.6700000166893005,9.699999809265137,-12.0625,17.0625,-47.875,-2.375,-0.8125,-2.1875,0.7900000214576721,0.8199999928474426,9.729999542236328,0.9072265625,0.020751953125,-0.0543212890625,-0.4166259765625,100574.921875,26.95361328125,33635.0
0.9200000166893005,0.6200000047683716,9.699999809265137,-11.25,17.75,-48.1875,-0.9375,0.3125,-1.625,0.7900000214576721,0.800000011920929,9.739999771118164,0.90704345703125,0.02044677734375,-0.05426025390625,-0.4169921875,100574.828125,26.952856063842773,33675.0
0.800000011920929,0.6800000071525574,9.670000076293945,-11.25,17.75,-48.1875,0.125,0.125,-0.375,0.7900000214576721,0.800000011920929,9.739999771118164,0.90704345703125,0.02032470703125,-0.05426025390625,-0.4169921875,100574.7421875,26.954587936401367,33715.0
0.8899999856948853,0.7200000286102295,9.640000343322754,-12.0625,17.5,-49.0625,1.0,0.1875,0.4375,0.7900000214576721,0.800000011920929,9.739999771118164,0.90704345703125,0.02056884765625,-0.054443359375,-0.41693115234375,100574.4296875,26.95415496826172,33755.0
0.8199999928474426,0.75,9.649999618530273,-12.5,16.6875,-46.6875,0.75,0.1875,-0.3125,0.800000011920929,0.8100000023841858,9.739999771118164,0.906982421875,0.02069091796875,-0.05450439453125,-0.41705322265625,100574.5390625,26.953847885131836,33795.0
0.8399999737739563,0.7400000095367432,9.6899995803833,-11.6875,17.75,-48.6875,0.0625,-0.3125,-1.8125,0.7900000214576721,0.8100000023841858,9.739999771118164,0.90673828125,0.02069091796875,-0.0545654296875,-0.41766357421875,100574.75,26.953018188476562,33835.0
0.8799999952316284,0.7900000214576721,9.699999809265137,-12.5,17.0625,-48.1875,-0.3125,-0.4375,-2.3125,0.800000011920929,0.8100000023841858,9.729999542236328,0.90643310546875,0.02056884765625,-0.05450439453125,-0.41839599609375,100575.015625,26.95355987548828,33875.0
0.9300000071525574,0.6899999976158142,9.670000076293945,-12.5,17.0625,-48.1875,-0.8125,-0.8125,-2.375,0.800000011920929,0.8100000023841858,9.739999771118164,0.90606689453125,0.02020263671875,-0.0545654296875,-0.41912841796875,100574.3515625,26.953397750854492,33915.0
0.9900000095367432,0.6100000143051147,9.670000076293945,-12.0625,17.0625,-47.875,0.25,-0.375,-2.4375,0.800000011920929,0.800000011920929,9.739999771118164,0.90570068359375,0.0198974609375,-0.05474853515625,-0.41986083984375,100574.421875,26.955001831054688,33955.0
0.9599999785423279,0.6399999856948853,9.65999984741211,-11.6875,17.5,-47.0625,1.5,1.0,-2.125,0.800000011920929,0.800000011920929,9.729999542236328,0.9053955078125,0.02032470703125,-0.05474853515625,-0.42047119140625,100574.421875,26.95330810546875,33995.0
0.8700000047683716,0.699999988079071,9.640000343322754,-12.0625,16.375,-47.875,1.3125,1.25,-2.0,0.800000011920929,0.8100000023841858,9.729999542236328,0.90521240234375,0.02081298828125,-0.0545654296875,-0.42095947265625,100574.734375,26.95319938659668,34035.0
0.8100000023841858,0.7300000190734863,9.649999618530273,-12.0625,16.6875,-48.6875,0.9375,1.125,-1.25,0.7900000214576721,0.8199999928474426,9.729999542236328,0.90509033203125,0.02130126953125,-0.05438232421875,-0.42120361328125,100574.421875,26.954280853271484,34075.0
0.8500000238418579,0.7400000095367432,9.640000343322754,-12.0625,16.6875,-48.6875,1.5625,1.125,-0.25,0.7799999713897705,0.8199999928474426,9.729999542236328,0.90509033203125,0.021728515625,-0.0543212890625,-0.421142578125,100574.3828125,26.952783584594727,34115.0
0.8199999928474426,0.7599999904632568,9.65999984741211,-12.5,16.6875,-48.6875,1.625,1.3125,0.0,0.7699999809265137,0.8399999737739563,9.729999542236328,0.90509033203125,0.02252197265625,-0.05413818359375,-0.42108154296875,100574.5859375,26.955686569213867,34155.0
0.7300000190734863,0.8299999833106995,9.65999984741211,-11.6875,16.375,-47.875,1.75,1.25,0.25,0.7699999809265137,0.8500000238418579,9.729999542236328,0.9051513671875,0.023193359375,-0.05401611328125,-0.42108154296875,100574.921875,26.956714630126953,34195.0
0.6800000071525574,0.7699999809265137,9.699999809265137,-11.6875,16.375,-48.1875,1.375,0.25,0.5625,0.7599999904632568,0.8500000238418579,9.729999542236328,0.90509033203125,0.02362060546875,-0.05419921875,-0.4210205078125,100574.6796875,26.955183029174805,34235.0
0.8500000238418579,0.8100000023841858,9.670000076293945,-13.5,17.0625,-48.1875,1.5,-0.375,-0.0625,0.7599999904632568,0.8600000143051147,9.729999542236328,0.90509033203125,0.02392578125,-0.05438232421875,-0.4210205078125,100575.1328125,26.956336975097656,34275.0
0.7900000214576721,0.8500000238418579,9.649999618530273,-13.5,17.0625,-48.1875,1.75,0.3125,-0.0625,0.7599999904632568,0.8700000047683716,9.729999542236328,0.90509033203125,0.02447509765625,-0.05462646484375,-0.42095947265625,100575.078125,26.958354949951172,34315.0
0.7799999713897705,0.8199999928474426,9.65999984741211,-10.5625,16.6875,-47.875,2.1875,0.25,0.0,0.7599999904632568,0.8899999856948853,9.729999542236328,0.90509033203125,0.02532958984375,-0.05499267578125,-0.4208984375,100575.4140625,26.961023330688477,34355.0
0.8500000238418579,0.949999988079071,9.670000076293945,-12.0625,16.6875,-47.0625,2.375,-0.25,0.0,0.7599999904632568,0.8999999761581421,9.729999542236328,0.905029296875,0.02587890625,-0.05535888671875,-0.4208984375,100575.71875,26.960718154907227,34395.0
0.8500000238418579,0.9399999976158142,9.65999984741211,-11.25,16.6875,-47.875,1.5,0.5,0.25,0.7599999904632568,0.9100000262260437,9.729999542236328,0.905029296875,0.0262451171875,-0.0555419921875,-0.42083740234375,100575.4921875,26.959346771240234,34435.0
0.7300000190734863,0.9700000286102295,9.6899995803833,-11.25,16.0,-47.875,1.3125,0.8125,0.625,0.7599999904632568,0.9200000166893005,9.729999542236328,0.9051513671875,0.02667236328125,-0.0555419921875,-0.420654296875,100575.1015625,26.958879470825195,34475.0
0.8500000238418579,0.9200000166893005,9.649999618530273,-11.25,16.0,-47.875,0.3125,0.3125,0.9375,0.7599999904632568,0.9300000071525574,9.729999542236328,0.9052734375,0.02667236328125,-0.0555419921875,-0.42034912109375,100575.265625,26.960844039916992,34515.0
0.75,0.8700000047683716,9.630000114440918,-12.0625,16.6875,-48.6875,0.375,1.0625,0.9375,0.7599999904632568,0.9300000071525574,9.729999542236328,0.9053955078125,0.02679443359375,-0.05535888671875,-0.42010498046875,100575.703125,26.962900161743164,34555.0
0.75,0.8399999737739563,9.609999656677246,-11.25,16.375,-48.1875,0.6875,0.1875,-0.125,0.7599999904632568,0.9300000071525574,9.729999542236328,0.90533447265625,0.02691650390625,-0.055419921875,-0.420166015625,100575.5703125,26.96270179748535,34595.0
0.75,0.8899999856948853,9.649999618530273,-12.75,16.6875,-49.0625,1.0,-0.1875,-1.1875,0.7599999904632568,0.9300000071525574,9.729999542236328,0.9051513671875,0.0272216796875,-0.05560302734375,-0.4205322265625,100575.7265625,26.962556838989258,34635.0
0.8899999856948853,0.800000011920929,9.569999694824219,-12.0625,16.0,-48.1875,0.5625,-1.0,-3.0625,0.7599999904632568,0.9399999976158142,9.729999542236328,0.9046630859375,0.02716064453125,-0.055908203125,-0.421630859375,100576.0859375,26.96475601196289,34675.0
0.9700000286102295,0.6700000166893005,9.510000228881836,-12.0625,16.0,-48.1875,1.3125,-1.5,-7.25,0.7599999904632568,0.9399999976158142,9.729999542236328,0.90374755859375,0.0274658203125,-0.05682373046875,-0.42340087890625,100575.7421875,26.96466636657715,34715.0
0.7200000286102295,1.0700000524520874,9.760000228881836,-12.0625,16.6875,-48.6875,2.125,0.5,-2.125,0.7699999809265137,0.9599999785423279,9.720000267028809,0.9033203125,0.0284423828125,-0.05718994140625,-0.4241943359375,100575.5,26.96461296081543,34755.0
0.7699999809265137,1.090000033378601,9.640000343322754,-12.0625,17.0625,-48.1875,4.0625,-0.1875,-2.125,0.7699999809265137,0.9900000095367432,9.720000267028809,0.9029541015625,0.02960205078125,-0.05780029296875,-0.4248046875,100575.25,26.962827682495117,34795.0
